-- phpMyAdmin SQL Dump
-- version 5.2.1
-- https://www.phpmyadmin.net/
--
-- Anamakine: 127.0.0.1
-- Üretim Zamanı: 11 Tem 2024, 14:00:03
-- Sunucu sürümü: 10.4.32-MariaDB
-- PHP Sürümü: 8.2.12

SET SQL_MODE = "NO_AUTO_VALUE_ON_ZERO";
START TRANSACTION;
SET time_zone = "+00:00";


/*!40101 SET @OLD_CHARACTER_SET_CLIENT=@@CHARACTER_SET_CLIENT */;
/*!40101 SET @OLD_CHARACTER_SET_RESULTS=@@CHARACTER_SET_RESULTS */;
/*!40101 SET @OLD_COLLATION_CONNECTION=@@COLLATION_CONNECTION */;
/*!40101 SET NAMES utf8mb4 */;

--
-- Veritabanı: `complabsystem`
--

-- --------------------------------------------------------

--
-- Tablo için tablo yapısı `arızalı_bilgisayar`
--

CREATE TABLE `arızalı_bilgisayar` (
  `arızalı_bil_id` int(11) NOT NULL,
  `bilg_id` int(11) NOT NULL,
  `açıklama` text NOT NULL,
  `arıza_tarih` date NOT NULL
) ENGINE=InnoDB DEFAULT CHARSET=utf8mb4 COLLATE=utf8mb4_general_ci;

-- --------------------------------------------------------

--
-- Tablo için tablo yapısı `bilgisayarlar`
--

CREATE TABLE `bilgisayarlar` (
  `bilg_id` int(11) NOT NULL,
  `lab_id` int(11) NOT NULL,
  `bilg_no` int(11) NOT NULL,
  `tip` varchar(50) NOT NULL,
  `isletim_sistemi` varchar(50) NOT NULL,
  `sistem_tür` varchar(50) NOT NULL,
  `islemci` text NOT NULL,
  `RAM` varchar(50) NOT NULL,
  `ekran_kartı` varchar(50) NOT NULL,
  `yüklü_programlar` text NOT NULL,
  `status` varchar(50) NOT NULL
) ENGINE=InnoDB DEFAULT CHARSET=utf8mb4 COLLATE=utf8mb4_general_ci;

--
-- Tablo döküm verisi `bilgisayarlar`
--

INSERT INTO `bilgisayarlar` (`bilg_id`, `lab_id`, `bilg_no`, `tip`, `isletim_sistemi`, `sistem_tür`, `islemci`, `RAM`, `ekran_kartı`, `yüklü_programlar`, `status`) VALUES
(1, 6, 1, 'Tip 1', 'Microsoft Windows 7 Professional', 'x86 based,32 bit', 'Intel Core i3-4160 CPU@ 3.60GHz,3600 Mhz', '4.00 GB', 'AMD Radeon R7 200 Series', '-AutoCAD 2007\r\n\r\n-Mastercam X5\r\n\r\n-Proteus 8 Professional\r\n\r\n-Adobe Dreamweaver CC 2017\r\n\r\n-Excel 2016\r\n\r\n-Acces 2016\r\n\r\n-Word 2016\r\n\r\n-AutoCAD 2019\r\n\r\n-AutoDesk3ds max 2013\r\n\r\n-CodeBlocks\r\n\r\n-Visual Studio 2010\r\n\r\n-Solid Works 2010\r\n\r\n-VS Code', 'Çalışıyor'),
(2, 6, 2, 'Tip 1', 'Microsoft Windows 7 Professional', 'x86 based,32 bit', 'Intel Core i3-4160 CPU@ 3.60GHz,3600 Mhz', '4.00 GB', 'AMD Radeon R7 200 Series', '-AutoCAD 2007\r\n\r\n-Mastercam X5\r\n\r\n-Proteus 8 Professional\r\n\r\n-Adobe Dreamweaver CC 2017\r\n\r\n-Excel 2016\r\n\r\n-Acces 2016\r\n\r\n-Word 2016\r\n\r\n-AutoCAD 2019\r\n\r\n-AutoDesk3ds max 2013\r\n\r\n-CodeBlocks\r\n\r\n-Visual Studio 2010\r\n\r\n-Solid Works 2010\r\n\r\n-VS Code', 'Çalışıyor'),
(3, 6, 3, 'Tip 1', 'Microsoft Windows 7 Professional', 'x86 based,32 bit', 'Intel Core i3-4160 CPU@ 3.60GHz,3600 Mhz', '4.00 GB', 'AMD Radeon R7 200 Series', '-AutoCAD 2007\r\n\r\n-Mastercam X5\r\n\r\n-Proteus 8 Professional\r\n\r\n-Adobe Dreamweaver CC 2017\r\n\r\n-Excel 2016\r\n\r\n-Acces 2016\r\n\r\n-Word 2016\r\n\r\n-AutoCAD 2019\r\n\r\n-AutoDesk3ds max 2013\r\n\r\n-CodeBlocks\r\n\r\n-Visual Studio 2010\r\n\r\n-Solid Works 2010\r\n\r\n-VS Code', 'Çalışıyor'),
(4, 6, 4, 'Tip 1', 'Microsoft Windows 7 Professional', 'x86 based,32 bit', 'Intel Core i3-4160 CPU@ 3.60GHz,3600 Mhz', '4.00 GB', 'AMD Radeon R7 200 Series', '-AutoCAD 2007\r\n\r\n-Mastercam X5\r\n\r\n-Proteus 8 Professional\r\n\r\n-Adobe Dreamweaver CC 2017\r\n\r\n-Excel 2016\r\n\r\n-Acces 2016\r\n\r\n-Word 2016\r\n\r\n-AutoCAD 2019\r\n\r\n-AutoDesk3ds max 2013\r\n\r\n-CodeBlocks\r\n\r\n-Visual Studio 2010\r\n\r\n-Solid Works 2010\r\n\r\n-VS Code', 'Çalışıyor'),
(5, 6, 5, 'Tip 1', 'Microsoft Windows 7 Professional', 'x86 based,32 bit', 'Intel Core i3-4160 CPU@ 3.60GHz,3600 Mhz', '4.00 GB', 'AMD Radeon R7 200 Series', '-AutoCAD 2007\r\n\r\n-Mastercam X5\r\n\r\n-Proteus 8 Professional\r\n\r\n-Adobe Dreamweaver CC 2017\r\n\r\n-Excel 2016\r\n\r\n-Acces 2016\r\n\r\n-Word 2016\r\n\r\n-AutoCAD 2019\r\n\r\n-AutoDesk3ds max 2013\r\n\r\n-CodeBlocks\r\n\r\n-Visual Studio 2010\r\n\r\n-Solid Works 2010\r\n\r\n-VS Code', 'Çalışıyor'),
(6, 6, 6, 'Tip 1', 'Microsoft Windows 7 Professional', 'x86 based,32 bit', 'Intel Core i3-4160 CPU@ 3.60GHz,3600 Mhz', '4.00 GB', 'AMD Radeon R7 200 Series', '-AutoCAD 2007\r\n\r\n-Mastercam X5\r\n\r\n-Proteus 8 Professional\r\n\r\n-Adobe Dreamweaver CC 2017\r\n\r\n-Excel 2016\r\n\r\n-Acces 2016\r\n\r\n-Word 2016\r\n\r\n-AutoCAD 2019\r\n\r\n-AutoDesk3ds max 2013\r\n\r\n-CodeBlocks\r\n\r\n-Visual Studio 2010\r\n\r\n-Solid Works 2010\r\n\r\n-VS Code', 'Çalışıyor'),
(7, 6, 7, 'Tip 1', 'Microsoft Windows 7 Professional', 'x86 based,32 bit', 'Intel Core i3-4160 CPU@ 3.60GHz,3600 Mhz', '4.00 GB', 'AMD Radeon R7 200 Series', '-AutoCAD 2007\r\n\r\n-Mastercam X5\r\n\r\n-Proteus 8 Professional\r\n\r\n-Adobe Dreamweaver CC 2017\r\n\r\n-Excel 2016\r\n\r\n-Acces 2016\r\n\r\n-Word 2016\r\n\r\n-AutoCAD 2019\r\n\r\n-AutoDesk3ds max 2013\r\n\r\n-CodeBlocks\r\n\r\n-Visual Studio 2010\r\n\r\n-Solid Works 2010\r\n\r\n-VS Code', 'Çalışıyor'),
(8, 6, 8, 'Tip 1', 'Microsoft Windows 7 Professional', 'x86 based,32 bit', 'Intel Core i3-4160 CPU@ 3.60GHz,3600 Mhz', '4.00 GB', 'AMD Radeon R7 200 Series', '-AutoCAD 2007\r\n\r\n-Mastercam X5\r\n\r\n-Proteus 8 Professional\r\n\r\n-Adobe Dreamweaver CC 2017\r\n\r\n-Excel 2016\r\n\r\n-Acces 2016\r\n\r\n-Word 2016\r\n\r\n-AutoCAD 2019\r\n\r\n-AutoDesk3ds max 2013\r\n\r\n-CodeBlocks\r\n\r\n-Visual Studio 2010\r\n\r\n-Solid Works 2010\r\n\r\n-VS Code', 'Çalışıyor'),
(9, 6, 9, 'Tip 1', 'Microsoft Windows 7 Professional', 'x86 based,32 bit', 'Intel Core i3-4160 CPU@ 3.60GHz,3600 Mhz', '4.00 GB', 'AMD Radeon R7 200 Series', '-AutoCAD 2007\r\n\r\n-Mastercam X5\r\n\r\n-Proteus 8 Professional\r\n\r\n-Adobe Dreamweaver CC 2017\r\n\r\n-Excel 2016\r\n\r\n-Acces 2016\r\n\r\n-Word 2016\r\n\r\n-AutoCAD 2019\r\n\r\n-AutoDesk3ds max 2013\r\n\r\n-CodeBlocks\r\n\r\n-Visual Studio 2010\r\n\r\n-Solid Works 2010\r\n\r\n-VS Code', 'Çalışıyor'),
(10, 6, 10, 'Tip 1', 'Microsoft Windows 7 Professional', 'x86 based,32 bit', 'Intel Core i3-4160 CPU@ 3.60GHz,3600 Mhz', '4.00 GB', 'AMD Radeon R7 200 Series', '-AutoCAD 2007\r\n\r\n-Mastercam X5\r\n\r\n-Proteus 8 Professional\r\n\r\n-Adobe Dreamweaver CC 2017\r\n\r\n-Excel 2016\r\n\r\n-Acces 2016\r\n\r\n-Word 2016\r\n\r\n-AutoCAD 2019\r\n\r\n-AutoDesk3ds max 2013\r\n\r\n-CodeBlocks\r\n\r\n-Visual Studio 2010\r\n\r\n-Solid Works 2010\r\n\r\n-VS Code', 'Çalışıyor'),
(11, 6, 11, 'Tip 1', 'Microsoft Windows 7 Professional', 'x86 based,32 bit', 'Intel Core i3-4160 CPU@ 3.60GHz,3600 Mhz', '4.00 GB', 'AMD Radeon R7 200 Series', '-AutoCAD 2007\r\n\r\n-Mastercam X5\r\n\r\n-Proteus 8 Professional\r\n\r\n-Adobe Dreamweaver CC 2017\r\n\r\n-Excel 2016\r\n\r\n-Acces 2016\r\n\r\n-Word 2016\r\n\r\n-AutoCAD 2019\r\n\r\n-AutoDesk3ds max 2013\r\n\r\n-CodeBlocks\r\n\r\n-Visual Studio 2010\r\n\r\n-Solid Works 2010\r\n\r\n-VS Code', 'Çalışıyor'),
(12, 6, 12, 'Tip 1', 'Microsoft Windows 7 Professional', 'x86 based,32 bit', 'Intel Core i3-4160 CPU@ 3.60GHz,3600 Mhz', '4.00 GB', 'AMD Radeon R7 200 Series', '-AutoCAD 2007\r\n\r\n-Mastercam X5\r\n\r\n-Proteus 8 Professional\r\n\r\n-Adobe Dreamweaver CC 2017\r\n\r\n-Excel 2016\r\n\r\n-Acces 2016\r\n\r\n-Word 2016\r\n\r\n-AutoCAD 2019\r\n\r\n-AutoDesk3ds max 2013\r\n\r\n-CodeBlocks\r\n\r\n-Visual Studio 2010\r\n\r\n-Solid Works 2010\r\n\r\n-VS Code', 'Çalışıyor'),
(13, 6, 13, 'Tip 1', 'Microsoft Windows 7 Professional', 'x86 based,32 bit', 'Intel Core i3-4160 CPU@ 3.60GHz,3600 Mhz', '4.00 GB', 'AMD Radeon R7 200 Series', '-AutoCAD 2007\r\n\r\n-Mastercam X5\r\n\r\n-Proteus 8 Professional\r\n\r\n-Adobe Dreamweaver CC 2017\r\n\r\n-Excel 2016\r\n\r\n-Acces 2016\r\n\r\n-Word 2016\r\n\r\n-AutoCAD 2019\r\n\r\n-AutoDesk3ds max 2013\r\n\r\n-CodeBlocks\r\n\r\n-Visual Studio 2010\r\n\r\n-Solid Works 2010\r\n\r\n-VS Code', 'Çalışıyor'),
(14, 6, 14, 'Tip 1', 'Microsoft Windows 7 Professional', 'x86 based,32 bit', 'Intel Core i3-4160 CPU@ 3.60GHz,3600 Mhz', '4.00 GB', 'AMD Radeon R7 200 Series', '-AutoCAD 2007\r\n\r\n-Mastercam X5\r\n\r\n-Proteus 8 Professional\r\n\r\n-Adobe Dreamweaver CC 2017\r\n\r\n-Excel 2016\r\n\r\n-Acces 2016\r\n\r\n-Word 2016\r\n\r\n-AutoCAD 2019\r\n\r\n-AutoDesk3ds max 2013\r\n\r\n-CodeBlocks\r\n\r\n-Visual Studio 2010\r\n\r\n-Solid Works 2010\r\n\r\n-VS Code', 'Çalışıyor'),
(15, 6, 15, 'Tip 1', 'Microsoft Windows 7 Professional', 'x86 based,32 bit', 'Intel Core i3-4160 CPU@ 3.60GHz,3600 Mhz', '4.00 GB', 'AMD Radeon R7 200 Series', '-AutoCAD 2007\r\n\r\n-Mastercam X5\r\n\r\n-Proteus 8 Professional\r\n\r\n-Adobe Dreamweaver CC 2017\r\n\r\n-Excel 2016\r\n\r\n-Acces 2016\r\n\r\n-Word 2016\r\n\r\n-AutoCAD 2019\r\n\r\n-AutoDesk3ds max 2013\r\n\r\n-CodeBlocks\r\n\r\n-Visual Studio 2010\r\n\r\n-Solid Works 2010\r\n\r\n-VS Code', 'Çalışıyor'),
(16, 6, 16, 'Tip 1', 'Microsoft Windows 7 Professional', 'x86 based,32 bit', 'Intel Core i3-4160 CPU@ 3.60GHz,3600 Mhz', '4.00 GB', 'AMD Radeon R7 200 Series', '-AutoCAD 2007\r\n\r\n-Mastercam X5\r\n\r\n-Proteus 8 Professional\r\n\r\n-Adobe Dreamweaver CC 2017\r\n\r\n-Excel 2016\r\n\r\n-Acces 2016\r\n\r\n-Word 2016\r\n\r\n-AutoCAD 2019\r\n\r\n-AutoDesk3ds max 2013\r\n\r\n-CodeBlocks\r\n\r\n-Visual Studio 2010\r\n\r\n-Solid Works 2010\r\n\r\n-VS Code', 'Çalışıyor'),
(17, 6, 17, 'Tip 1', 'Microsoft Windows 7 Professional', 'x86 based,32 bit', 'Intel Core i3-4160 CPU@ 3.60GHz,3600 Mhz', '4.00 GB', 'AMD Radeon R7 200 Series', '-AutoCAD 2007\r\n\r\n-Mastercam X5\r\n\r\n-Proteus 8 Professional\r\n\r\n-Adobe Dreamweaver CC 2017\r\n\r\n-Excel 2016\r\n\r\n-Acces 2016\r\n\r\n-Word 2016\r\n\r\n-AutoCAD 2019\r\n\r\n-AutoDesk3ds max 2013\r\n\r\n-CodeBlocks\r\n\r\n-Visual Studio 2010\r\n\r\n-Solid Works 2010\r\n\r\n-VS Code', 'Çalışıyor'),
(18, 6, 18, 'Tip 1', 'Microsoft Windows 7 Professional', 'x86 based,32 bit', 'Intel Core i3-4160 CPU@ 3.60GHz,3600 Mhz', '4.00 GB', 'AMD Radeon R7 200 Series', '-AutoCAD 2007\r\n\r\n-Mastercam X5\r\n\r\n-Proteus 8 Professional\r\n\r\n-Adobe Dreamweaver CC 2017\r\n\r\n-Excel 2016\r\n\r\n-Acces 2016\r\n\r\n-Word 2016\r\n\r\n-AutoCAD 2019\r\n\r\n-AutoDesk3ds max 2013\r\n\r\n-CodeBlocks\r\n\r\n-Visual Studio 2010\r\n\r\n-Solid Works 2010\r\n\r\n-VS Code', 'Çalışıyor'),
(19, 6, 19, 'Tip 1', 'Microsoft Windows 7 Professional', 'x86 based,32 bit', 'Intel Core i3-4160 CPU@ 3.60GHz,3600 Mhz', '4.00 GB', 'AMD Radeon R7 200 Series', '-AutoCAD 2007\r\n\r\n-Mastercam X5\r\n\r\n-Proteus 8 Professional\r\n\r\n-Adobe Dreamweaver CC 2017\r\n\r\n-Excel 2016\r\n\r\n-Acces 2016\r\n\r\n-Word 2016\r\n\r\n-AutoCAD 2019\r\n\r\n-AutoDesk3ds max 2013\r\n\r\n-CodeBlocks\r\n\r\n-Visual Studio 2010\r\n\r\n-Solid Works 2010\r\n\r\n-VS Code', 'Çalışıyor'),
(20, 6, 20, 'Tip 1', 'Microsoft Windows 7 Professional', 'x86 based,32 bit', 'Intel Core i3-4160 CPU@ 3.60GHz,3600 Mhz', '4.00 GB', 'AMD Radeon R7 200 Series', '-AutoCAD 2007\r\n\r\n-Mastercam X5\r\n\r\n-Proteus 8 Professional\r\n\r\n-Adobe Dreamweaver CC 2017\r\n\r\n-Excel 2016\r\n\r\n-Acces 2016\r\n\r\n-Word 2016\r\n\r\n-AutoCAD 2019\r\n\r\n-AutoDesk3ds max 2013\r\n\r\n-CodeBlocks\r\n\r\n-Visual Studio 2010\r\n\r\n-Solid Works 2010\r\n\r\n-VS Code', 'Çalışıyor'),
(21, 6, 21, 'Tip 1', 'Microsoft Windows 7 Professional', 'x86 based,32 bit', 'Intel Core i3-4160 CPU@ 3.60GHz,3600 Mhz', '4.00 GB', 'AMD Radeon R7 200 Series', '-AutoCAD 2007\r\n\r\n-Mastercam X5\r\n\r\n-Proteus 8 Professional\r\n\r\n-Adobe Dreamweaver CC 2017\r\n\r\n-Excel 2016\r\n\r\n-Acces 2016\r\n\r\n-Word 2016\r\n\r\n-AutoCAD 2019\r\n\r\n-AutoDesk3ds max 2013\r\n\r\n-CodeBlocks\r\n\r\n-Visual Studio 2010\r\n\r\n-Solid Works 2010\r\n\r\n-VS Code', 'Çalışıyor'),
(22, 6, 22, 'Tip 1', 'Microsoft Windows 7 Professional', 'x86 based,32 bit', 'Intel Core i3-4160 CPU@ 3.60GHz,3600 Mhz', '4.00 GB', 'AMD Radeon R7 200 Series', '-AutoCAD 2007\r\n\r\n-Mastercam X5\r\n\r\n-Proteus 8 Professional\r\n\r\n-Adobe Dreamweaver CC 2017\r\n\r\n-Excel 2016\r\n\r\n-Acces 2016\r\n\r\n-Word 2016\r\n\r\n-AutoCAD 2019\r\n\r\n-AutoDesk3ds max 2013\r\n\r\n-CodeBlocks\r\n\r\n-Visual Studio 2010\r\n\r\n-Solid Works 2010\r\n\r\n-VS Code', 'Çalışıyor'),
(23, 6, 23, 'Tip 1', 'Microsoft Windows 7 Professional', 'x86 based,32 bit', 'Intel Core i3-4160 CPU@ 3.60GHz,3600 Mhz', '4.00 GB', 'AMD Radeon R7 200 Series', '-AutoCAD 2007\r\n\r\n-Mastercam X5\r\n\r\n-Proteus 8 Professional\r\n\r\n-Adobe Dreamweaver CC 2017\r\n\r\n-Excel 2016\r\n\r\n-Acces 2016\r\n\r\n-Word 2016\r\n\r\n-AutoCAD 2019\r\n\r\n-AutoDesk3ds max 2013\r\n\r\n-CodeBlocks\r\n\r\n-Visual Studio 2010\r\n\r\n-Solid Works 2010\r\n\r\n-VS Code', 'Çalışıyor'),
(24, 6, 24, 'Tip 1', 'Microsoft Windows 7 Professional', 'x86 based,32 bit', 'Intel Core i3-4160 CPU@ 3.60GHz,3600 Mhz', '4.00 GB', 'AMD Radeon R7 200 Series', '-AutoCAD 2007\r\n\r\n-Mastercam X5\r\n\r\n-Proteus 8 Professional\r\n\r\n-Adobe Dreamweaver CC 2017\r\n\r\n-Excel 2016\r\n\r\n-Acces 2016\r\n\r\n-Word 2016\r\n\r\n-AutoCAD 2019\r\n\r\n-AutoDesk3ds max 2013\r\n\r\n-CodeBlocks\r\n\r\n-Visual Studio 2010\r\n\r\n-Solid Works 2010\r\n\r\n-VS Code', 'Çalışıyor'),
(25, 6, 25, 'Tip 1', 'Microsoft Windows 7 Professional', 'x86 based,32 bit', 'Intel Core i3-4160 CPU@ 3.60GHz,3600 Mhz', '4.00 GB', 'AMD Radeon R7 200 Series', '-AutoCAD 2007\r\n\r\n-Mastercam X5\r\n\r\n-Proteus 8 Professional\r\n\r\n-Adobe Dreamweaver CC 2017\r\n\r\n-Excel 2016\r\n\r\n-Acces 2016\r\n\r\n-Word 2016\r\n\r\n-AutoCAD 2019\r\n\r\n-AutoDesk3ds max 2013\r\n\r\n-CodeBlocks\r\n\r\n-Visual Studio 2010\r\n\r\n-Solid Works 2010\r\n\r\n-VS Code', 'Çalışıyor'),
(26, 6, 26, 'Tip 1', 'Microsoft Windows 7 Professional', 'x86 based,32 bit', 'Intel Core i3-4160 CPU@ 3.60GHz,3600 Mhz', '4.00 GB', 'AMD Radeon R7 200 Series', '-AutoCAD 2007\r\n\r\n-Mastercam X5\r\n\r\n-Proteus 8 Professional\r\n\r\n-Adobe Dreamweaver CC 2017\r\n\r\n-Excel 2016\r\n\r\n-Acces 2016\r\n\r\n-Word 2016\r\n\r\n-AutoCAD 2019\r\n\r\n-AutoDesk3ds max 2013\r\n\r\n-CodeBlocks\r\n\r\n-Visual Studio 2010\r\n\r\n-Solid Works 2010\r\n\r\n-VS Code', 'Çalışıyor'),
(27, 6, 27, 'Tip 1', 'Microsoft Windows 7 Professional', 'x86 based,32 bit', 'Intel Core i3-4160 CPU@ 3.60GHz,3600 Mhz', '4.00 GB', 'AMD Radeon R7 200 Series', '-AutoCAD 2007\r\n\r\n-Mastercam X5\r\n\r\n-Proteus 8 Professional\r\n\r\n-Adobe Dreamweaver CC 2017\r\n\r\n-Excel 2016\r\n\r\n-Acces 2016\r\n\r\n-Word 2016\r\n\r\n-AutoCAD 2019\r\n\r\n-AutoDesk3ds max 2013\r\n\r\n-CodeBlocks\r\n\r\n-Visual Studio 2010\r\n\r\n-Solid Works 2010\r\n\r\n-VS Code', 'Çalışıyor'),
(28, 6, 28, 'Tip 1', 'Microsoft Windows 7 Professional', 'x86 based,32 bit', 'Intel Core i3-4160 CPU@ 3.60GHz,3600 Mhz', '4.00 GB', 'AMD Radeon R7 200 Series', '-AutoCAD 2007\r\n\r\n-Mastercam X5\r\n\r\n-Proteus 8 Professional\r\n\r\n-Adobe Dreamweaver CC 2017\r\n\r\n-Excel 2016\r\n\r\n-Acces 2016\r\n\r\n-Word 2016\r\n\r\n-AutoCAD 2019\r\n\r\n-AutoDesk3ds max 2013\r\n\r\n-CodeBlocks\r\n\r\n-Visual Studio 2010\r\n\r\n-Solid Works 2010\r\n\r\n-VS Code', 'Çalışıyor'),
(29, 6, 29, 'Tip 1', 'Microsoft Windows 7 Professional', 'x86 based,32 bit', 'Intel Core i3-4160 CPU@ 3.60GHz,3600 Mhz', '4.00 GB', 'AMD Radeon R7 200 Series', '-AutoCAD 2007\r\n\r\n-Mastercam X5\r\n\r\n-Proteus 8 Professional\r\n\r\n-Adobe Dreamweaver CC 2017\r\n\r\n-Excel 2016\r\n\r\n-Acces 2016\r\n\r\n-Word 2016\r\n\r\n-AutoCAD 2019\r\n\r\n-AutoDesk3ds max 2013\r\n\r\n-CodeBlocks\r\n\r\n-Visual Studio 2010\r\n\r\n-Solid Works 2010\r\n\r\n-VS Code', 'Çalışıyor'),
(30, 6, 30, 'Tip 1', 'Microsoft Windows 7 Professional', 'x86 based,32 bit', 'Intel Core i3-4160 CPU@ 3.60GHz,3600 Mhz', '4.00 GB', 'AMD Radeon R7 200 Series', '-AutoCAD 2007\r\n\r\n-Mastercam X5\r\n\r\n-Proteus 8 Professional\r\n\r\n-Adobe Dreamweaver CC 2017\r\n\r\n-Excel 2016\r\n\r\n-Acces 2016\r\n\r\n-Word 2016\r\n\r\n-AutoCAD 2019\r\n\r\n-AutoDesk3ds max 2013\r\n\r\n-CodeBlocks\r\n\r\n-Visual Studio 2010\r\n\r\n-Solid Works 2010\r\n\r\n-VS Code', 'Çalışıyor'),
(31, 6, 31, 'Tip 1', 'Microsoft Windows 7 Professional', 'x86 based,32 bit', 'Intel Core i3-4160 CPU@ 3.60GHz,3600 Mhz', '4.00 GB', 'AMD Radeon R7 200 Series', '-AutoCAD 2007\r\n\r\n-Mastercam X5\r\n\r\n-Proteus 8 Professional\r\n\r\n-Adobe Dreamweaver CC 2017\r\n\r\n-Excel 2016\r\n\r\n-Acces 2016\r\n\r\n-Word 2016\r\n\r\n-AutoCAD 2019\r\n\r\n-AutoDesk3ds max 2013\r\n\r\n-CodeBlocks\r\n\r\n-Visual Studio 2010\r\n\r\n-Solid Works 2010\r\n\r\n-VS Code', 'Çalışıyor'),
(32, 6, 32, 'Tip 1', 'Microsoft Windows 7 Professional', 'x86 based,32 bit', 'Intel Core i3-4160 CPU@ 3.60GHz,3600 Mhz', '4.00 GB', 'AMD Radeon R7 200 Series', '-AutoCAD 2007\r\n\r\n-Mastercam X5\r\n\r\n-Proteus 8 Professional\r\n\r\n-Adobe Dreamweaver CC 2017\r\n\r\n-Excel 2016\r\n\r\n-Acces 2016\r\n\r\n-Word 2016\r\n\r\n-AutoCAD 2019\r\n\r\n-AutoDesk3ds max 2013\r\n\r\n-CodeBlocks\r\n\r\n-Visual Studio 2010\r\n\r\n-Solid Works 2010\r\n\r\n-VS Code', 'Çalışıyor'),
(33, 6, 33, 'Tip 1', 'Microsoft Windows 7 Professional', 'x86 based,32 bit', 'Intel Core i3-4160 CPU@ 3.60GHz,3600 Mhz', '4.00 GB', 'AMD Radeon R7 200 Series', '-AutoCAD 2007\r\n\r\n-Mastercam X5\r\n\r\n-Proteus 8 Professional\r\n\r\n-Adobe Dreamweaver CC 2017\r\n\r\n-Excel 2016\r\n\r\n-Acces 2016\r\n\r\n-Word 2016\r\n\r\n-AutoCAD 2019\r\n\r\n-AutoDesk3ds max 2013\r\n\r\n-CodeBlocks\r\n\r\n-Visual Studio 2010\r\n\r\n-Solid Works 2010\r\n\r\n-VS Code', 'Çalışıyor'),
(34, 6, 34, 'Tip 1', 'Microsoft Windows 7 Professional', 'x86 based,32 bit', 'Intel Core i3-4160 CPU@ 3.60GHz,3600 Mhz', '4.00 GB', 'AMD Radeon R7 200 Series', '-AutoCAD 2007\r\n\r\n-Mastercam X5\r\n\r\n-Proteus 8 Professional\r\n\r\n-Adobe Dreamweaver CC 2017\r\n\r\n-Excel 2016\r\n\r\n-Acces 2016\r\n\r\n-Word 2016\r\n\r\n-AutoCAD 2019\r\n\r\n-AutoDesk3ds max 2013\r\n\r\n-CodeBlocks\r\n\r\n-Visual Studio 2010\r\n\r\n-Solid Works 2010\r\n\r\n-VS Code', 'Çalışıyor'),
(35, 6, 35, 'Tip 1', 'Microsoft Windows 7 Professional', 'x86 based,32 bit', 'Intel Core i3-4160 CPU@ 3.60GHz,3600 Mhz', '4.00 GB', 'AMD Radeon R7 200 Series', '-AutoCAD 2007\r\n\r\n-Mastercam X5\r\n\r\n-Proteus 8 Professional\r\n\r\n-Adobe Dreamweaver CC 2017\r\n\r\n-Excel 2016\r\n\r\n-Acces 2016\r\n\r\n-Word 2016\r\n\r\n-AutoCAD 2019\r\n\r\n-AutoDesk3ds max 2013\r\n\r\n-CodeBlocks\r\n\r\n-Visual Studio 2010\r\n\r\n-Solid Works 2010\r\n\r\n-VS Code', 'Çalışıyor'),
(36, 6, 36, 'Tip 1', 'Microsoft Windows 7 Professional', 'x86 based,32 bit', 'Intel Core i3-4160 CPU@ 3.60GHz,3600 Mhz', '4.00 GB', 'AMD Radeon R7 200 Series', '-AutoCAD 2007\r\n\r\n-Mastercam X5\r\n\r\n-Proteus 8 Professional\r\n\r\n-Adobe Dreamweaver CC 2017\r\n\r\n-Excel 2016\r\n\r\n-Acces 2016\r\n\r\n-Word 2016\r\n\r\n-AutoCAD 2019\r\n\r\n-AutoDesk3ds max 2013\r\n\r\n-CodeBlocks\r\n\r\n-Visual Studio 2010\r\n\r\n-Solid Works 2010\r\n\r\n-VS Code', 'Çalışıyor'),
(37, 6, 37, 'Tip 1', 'Microsoft Windows 7 Professional', 'x86 based,32 bit', 'Intel Core i3-4160 CPU@ 3.60GHz,3600 Mhz', '4.00 GB', 'AMD Radeon R7 200 Series', '-AutoCAD 2007\r\n\r\n-Mastercam X5\r\n\r\n-Proteus 8 Professional\r\n\r\n-Adobe Dreamweaver CC 2017\r\n\r\n-Excel 2016\r\n\r\n-Acces 2016\r\n\r\n-Word 2016\r\n\r\n-AutoCAD 2019\r\n\r\n-AutoDesk3ds max 2013\r\n\r\n-CodeBlocks\r\n\r\n-Visual Studio 2010\r\n\r\n-Solid Works 2010\r\n\r\n-VS Code', 'Çalışıyor'),
(38, 6, 38, 'Tip 1', 'Microsoft Windows 7 Professional', 'x86 based,32 bit', 'Intel Core i3-4160 CPU@ 3.60GHz,3600 Mhz', '4.00 GB', 'AMD Radeon R7 200 Series', '-AutoCAD 2007\r\n\r\n-Mastercam X5\r\n\r\n-Proteus 8 Professional\r\n\r\n-Adobe Dreamweaver CC 2017\r\n\r\n-Excel 2016\r\n\r\n-Acces 2016\r\n\r\n-Word 2016\r\n\r\n-AutoCAD 2019\r\n\r\n-AutoDesk3ds max 2013\r\n\r\n-CodeBlocks\r\n\r\n-Visual Studio 2010\r\n\r\n-Solid Works 2010\r\n\r\n-VS Code', 'Çalışıyor'),
(39, 6, 39, 'Tip 1', 'Microsoft Windows 7 Professional', 'x86 based,32 bit', 'Intel Core i3-4160 CPU@ 3.60GHz,3600 Mhz', '4.00 GB', 'AMD Radeon R7 200 Series', '-AutoCAD 2007\r\n\r\n-Mastercam X5\r\n\r\n-Proteus 8 Professional\r\n\r\n-Adobe Dreamweaver CC 2017\r\n\r\n-Excel 2016\r\n\r\n-Acces 2016\r\n\r\n-Word 2016\r\n\r\n-AutoCAD 2019\r\n\r\n-AutoDesk3ds max 2013\r\n\r\n-CodeBlocks\r\n\r\n-Visual Studio 2010\r\n\r\n-Solid Works 2010\r\n\r\n-VS Code', 'Çalışıyor'),
(40, 6, 40, 'Tip 1', 'Microsoft Windows 7 Professional', 'x86 based,32 bit', 'Intel Core i3-4160 CPU@ 3.60GHz,3600 Mhz', '4.00 GB', 'AMD Radeon R7 200 Series', '-AutoCAD 2007\r\n\r\n-Mastercam X5\r\n\r\n-Proteus 8 Professional\r\n\r\n-Adobe Dreamweaver CC 2017\r\n\r\n-Excel 2016\r\n\r\n-Acces 2016\r\n\r\n-Word 2016\r\n\r\n-AutoCAD 2019\r\n\r\n-AutoDesk3ds max 2013\r\n\r\n-CodeBlocks\r\n\r\n-Visual Studio 2010\r\n\r\n-Solid Works 2010\r\n\r\n-VS Code', 'Çalışıyor'),
(41, 6, 41, 'Tip 1', 'Microsoft Windows 7 Professional', 'x86 based,32 bit', 'Intel Core i3-4160 CPU@ 3.60GHz,3600 Mhz', '4.00 GB', 'AMD Radeon R7 200 Series', '-AutoCAD 2007\r\n\r\n-Mastercam X5\r\n\r\n-Proteus 8 Professional\r\n\r\n-Adobe Dreamweaver CC 2017\r\n\r\n-Excel 2016\r\n\r\n-Acces 2016\r\n\r\n-Word 2016\r\n\r\n-AutoCAD 2019\r\n\r\n-AutoDesk3ds max 2013\r\n\r\n-CodeBlocks\r\n\r\n-Visual Studio 2010\r\n\r\n-Solid Works 2010\r\n\r\n-VS Code', 'Çalışıyor'),
(42, 6, 42, 'Tip 1', 'Microsoft Windows 7 Professional', 'x86 based,32 bit', 'Intel Core i3-4160 CPU@ 3.60GHz,3600 Mhz', '4.00 GB', 'AMD Radeon R7 200 Series', '-AutoCAD 2007\r\n\r\n-Mastercam X5\r\n\r\n-Proteus 8 Professional\r\n\r\n-Adobe Dreamweaver CC 2017\r\n\r\n-Excel 2016\r\n\r\n-Acces 2016\r\n\r\n-Word 2016\r\n\r\n-AutoCAD 2019\r\n\r\n-AutoDesk3ds max 2013\r\n\r\n-CodeBlocks\r\n\r\n-Visual Studio 2010\r\n\r\n-Solid Works 2010\r\n\r\n-VS Code', 'Çalışıyor'),
(43, 4, 1, 'Tip 7', 'Microsoft Windows 10 Education', 'x64-based PC', 'Intel(R) Core(TM) i5-10500 CPU @ 2.90GHz,2904Mhz', '16.00 GB', 'Intel (R) UHD Graphics 630', '-Adobe Master Collection CC 2017\r\n\r\n-CorelDRAW X5\r\n\r\n-Acronis True Image 2018\r\n\r\n-AutoCAD 2007\r\n\r\n-AutoCAD 2019\r\n\r\n-Delphi 7\r\n\r\n-Lazarus\r\n\r\n-Mastercam X5\r\n\r\n-Proteus 8 Professional\r\n\r\n-Excel 2016\r\n\r\n-Word 2016\r\n\r\n-Access 2016\r\n\r\n-CodeBlocks\r\n\r\n-SolidWorks 2016\r\n\r\n-SolidWorks 2011\r\n\r\n-Electronics Workbench\r\n\r\n-Visual Studio 2022\r\n\r\n\r\n\r\n\r\n\r\n\r\n\r\n\r\n\r\n\r\n\r\n\r\n\r\n', 'Çalışıyor'),
(44, 4, 2, 'Tip 7', 'Microsoft Windows 10 Education', 'x64-based PC', 'Intel(R) Core(TM) i5-10500 CPU @ 2.90GHz,2904Mhz', '16.00 GB', 'Intel (R) UHD Graphics 630', '-Adobe Master Collection CC 2017\r\n\r\n-CorelDRAW X5\r\n\r\n-Acronis True Image 2018\r\n\r\n-AutoCAD 2007\r\n\r\n-AutoCAD 2019\r\n\r\n-Delphi 7\r\n\r\n-Lazarus\r\n\r\n-Mastercam X5\r\n\r\n-Proteus 8 Professional\r\n\r\n-Excel 2016\r\n\r\n-Word 2016\r\n\r\n-Access 2016\r\n\r\n-CodeBlocks\r\n\r\n-SolidWorks 2016\r\n\r\n-SolidWorks 2011\r\n\r\n-Electronics Workbench\r\n\r\n-Visual Studio 2022\r\n\r\n\r\n\r\n\r\n\r\n\r\n\r\n\r\n\r\n\r\n\r\n\r\n\r\n', 'Çalışıyor'),
(45, 4, 3, 'Tip 7', 'Microsoft Windows 10 Education', 'x64-based PC', 'Intel(R) Core(TM) i5-10500 CPU @ 2.90GHz,2904Mhz', '16.00 GB', 'Intel (R) UHD Graphics 630', '-Adobe Master Collection CC 2017\r\n\r\n-CorelDRAW X5\r\n\r\n-Acronis True Image 2018\r\n\r\n-AutoCAD 2007\r\n\r\n-AutoCAD 2019\r\n\r\n-Delphi 7\r\n\r\n-Lazarus\r\n\r\n-Mastercam X5\r\n\r\n-Proteus 8 Professional\r\n\r\n-Excel 2016\r\n\r\n-Word 2016\r\n\r\n-Access 2016\r\n\r\n-CodeBlocks\r\n\r\n-SolidWorks 2016\r\n\r\n-SolidWorks 2011\r\n\r\n-Electronics Workbench\r\n\r\n-Visual Studio 2022\r\n\r\n\r\n\r\n\r\n\r\n\r\n\r\n\r\n\r\n\r\n\r\n\r\n\r\n', 'Çalışıyor'),
(46, 4, 4, 'Tip 5', 'Microsoft Windows 10 Education', 'x64-based PC', 'Intel(R) Core(TM) i5-10400 CPU @ 2.90GHz,2904Mhz', '8.00 GB', 'Intel (R) UHD Graphics 630', '-Adobe Master Collection CC 2017\r\n\r\n-CorelDRAW X5\r\n\r\n-Acronis True Image 2018\r\n\r\n-AutoCAD 2007\r\n\r\n-AutoCAD 2019\r\n\r\n-Delphi 7\r\n\r\n-Lazarus\r\n\r\n-Mastercam X5\r\n\r\n-Proteus 8 Professional\r\n\r\n-Excel 2016\r\n\r\n-Word 2016\r\n\r\n-Access 2016\r\n\r\n-CodeBlocks\r\n\r\n-SolidWorks 2016\r\n\r\n-SolidWorks 2011\r\n\r\n-Electronics Workbench\r\n\r\n-Visual Studio 2022\r\n\r\n\r\n\r\n\r\n\r\n\r\n\r\n\r\n\r\n\r\n\r\n\r\n\r\n', 'Çalışıyor'),
(47, 4, 5, 'Tip 5', 'Microsoft Windows 10 Education', 'x64-based PC', 'Intel(R) Core(TM) i5-10400 CPU @ 2.90GHz,2904Mhz', '8.00 GB', 'Intel (R) UHD Graphics 630', '-Adobe Master Collection CC 2017\r\n\r\n-CorelDRAW X5\r\n\r\n-Acronis True Image 2018\r\n\r\n-AutoCAD 2007\r\n\r\n-AutoCAD 2019\r\n\r\n-Delphi 7\r\n\r\n-Lazarus\r\n\r\n-Mastercam X5\r\n\r\n-Proteus 8 Professional\r\n\r\n-Excel 2016\r\n\r\n-Word 2016\r\n\r\n-Access 2016\r\n\r\n-CodeBlocks\r\n\r\n-SolidWorks 2016\r\n\r\n-SolidWorks 2011\r\n\r\n-Electronics Workbench\r\n\r\n-Visual Studio 2022\r\n\r\n\r\n\r\n\r\n\r\n\r\n\r\n\r\n\r\n\r\n\r\n\r\n\r\n', 'Çalışıyor'),
(48, 4, 6, 'Tip 5', 'Microsoft Windows 10 Education', 'x64-based PC', 'Intel(R) Core(TM) i5-10400 CPU @ 2.90GHz,2904Mhz', '8.00 GB', 'Intel (R) UHD Graphics 630', '-Adobe Master Collection CC 2017\r\n\r\n-CorelDRAW X5\r\n\r\n-Acronis True Image 2018\r\n\r\n-AutoCAD 2007\r\n\r\n-AutoCAD 2019\r\n\r\n-Delphi 7\r\n\r\n-Lazarus\r\n\r\n-Mastercam X5\r\n\r\n-Proteus 8 Professional\r\n\r\n-Excel 2016\r\n\r\n-Word 2016\r\n\r\n-Access 2016\r\n\r\n-CodeBlocks\r\n\r\n-SolidWorks 2016\r\n\r\n-SolidWorks 2011\r\n\r\n-Electronics Workbench\r\n\r\n-Visual Studio 2022\r\n\r\n\r\n\r\n\r\n\r\n\r\n\r\n\r\n\r\n\r\n\r\n\r\n\r\n', 'Çalışıyor'),
(49, 4, 7, 'Tip 7', 'Microsoft Windows 10 Education', 'x64-based PC', 'Intel(R) Core(TM) i5-10500 CPU @ 2.90GHz,2904Mhz', '16.00 GB', 'Intel (R) UHD Graphics 630', '-Adobe Master Collection CC 2017\r\n\r\n-CorelDRAW X5\r\n\r\n-Acronis True Image 2018\r\n\r\n-AutoCAD 2007\r\n\r\n-AutoCAD 2019\r\n\r\n-Delphi 7\r\n\r\n-Lazarus\r\n\r\n-Mastercam X5\r\n\r\n-Proteus 8 Professional\r\n\r\n-Excel 2016\r\n\r\n-Word 2016\r\n\r\n-Access 2016\r\n\r\n-CodeBlocks\r\n\r\n-SolidWorks 2016\r\n\r\n-SolidWorks 2011\r\n\r\n-Electronics Workbench\r\n\r\n-Visual Studio 2022\r\n\r\n\r\n\r\n\r\n\r\n\r\n\r\n\r\n\r\n\r\n\r\n\r\n\r\n', 'Çalışıyor'),
(50, 4, 8, 'Tip 8', 'Microsoft Windows 10 Education', 'x64-based PC', 'AMD Ryzen5 4600G', '8.00 GB', 'AMD Radeon(TM) Graphics', '-Adobe Master Collection CC 2017\r\n\r\n-CorelDRAW X5\r\n\r\n-Acronis True Image 2018\r\n\r\n-AutoCAD 2007\r\n\r\n-AutoCAD 2019\r\n\r\n-Delphi 7\r\n\r\n-Lazarus\r\n\r\n-Mastercam X5\r\n\r\n-Proteus 8 Professional\r\n\r\n-Excel 2016\r\n\r\n-Word 2016\r\n\r\n-Access 2016\r\n\r\n-CodeBlocks\r\n\r\n-SolidWorks 2016\r\n\r\n-SolidWorks 2011\r\n\r\n-Electronics Workbench\r\n\r\n-Visual Studio 2022\r\n\r\n\r\n\r\n\r\n\r\n\r\n\r\n\r\n\r\n\r\n\r\n\r\n\r\n', 'Çalışıyor'),
(51, 4, 9, 'Tip 5', 'Microsoft Windows 10 Education', 'x64-based PC', 'Intel(R) Core(TM) i5-10400 CPU @ 2.90GHz,2904Mhz', '8.00 GB', 'Intel (R) UHD Graphics 630', '-Adobe Master Collection CC 2017\r\n\r\n-CorelDRAW X5\r\n\r\n-Acronis True Image 2018\r\n\r\n-AutoCAD 2007\r\n\r\n-AutoCAD 2019\r\n\r\n-Delphi 7\r\n\r\n-Lazarus\r\n\r\n-Mastercam X5\r\n\r\n-Proteus 8 Professional\r\n\r\n-Excel 2016\r\n\r\n-Word 2016\r\n\r\n-Access 2016\r\n\r\n-CodeBlocks\r\n\r\n-SolidWorks 2016\r\n\r\n-SolidWorks 2011\r\n\r\n-Electronics Workbench\r\n\r\n-Visual Studio 2022\r\n\r\n\r\n\r\n\r\n\r\n\r\n\r\n\r\n\r\n\r\n\r\n\r\n\r\n', 'Çalışıyor'),
(52, 4, 10, 'Tip 5', 'Microsoft Windows 10 Education', 'x64-based PC', 'Intel(R) Core(TM) i5-10400 CPU @ 2.90GHz,2904Mhz', '8.00 GB', 'Intel (R) UHD Graphics 630', '-Adobe Master Collection CC 2017\r\n\r\n-CorelDRAW X5\r\n\r\n-Acronis True Image 2018\r\n\r\n-AutoCAD 2007\r\n\r\n-AutoCAD 2019\r\n\r\n-Delphi 7\r\n\r\n-Lazarus\r\n\r\n-Mastercam X5\r\n\r\n-Proteus 8 Professional\r\n\r\n-Excel 2016\r\n\r\n-Word 2016\r\n\r\n-Access 2016\r\n\r\n-CodeBlocks\r\n\r\n-SolidWorks 2016\r\n\r\n-SolidWorks 2011\r\n\r\n-Electronics Workbench\r\n\r\n-Visual Studio 2022\r\n\r\n\r\n\r\n\r\n\r\n\r\n\r\n\r\n\r\n\r\n\r\n\r\n\r\n', 'Çalışıyor'),
(53, 4, 11, 'Tip 5', 'Microsoft Windows 10 Education', 'x64-based PC', 'Intel(R) Core(TM) i5-10400 CPU @ 2.90GHz,2904Mhz', '8.00 GB', 'Intel (R) UHD Graphics 630', '-Adobe Master Collection CC 2017\r\n\r\n-CorelDRAW X5\r\n\r\n-Acronis True Image 2018\r\n\r\n-AutoCAD 2007\r\n\r\n-AutoCAD 2019\r\n\r\n-Delphi 7\r\n\r\n-Lazarus\r\n\r\n-Mastercam X5\r\n\r\n-Proteus 8 Professional\r\n\r\n-Excel 2016\r\n\r\n-Word 2016\r\n\r\n-Access 2016\r\n\r\n-CodeBlocks\r\n\r\n-SolidWorks 2016\r\n\r\n-SolidWorks 2011\r\n\r\n-Electronics Workbench\r\n\r\n-Visual Studio 2022\r\n\r\n\r\n\r\n\r\n\r\n\r\n\r\n\r\n\r\n\r\n\r\n\r\n\r\n', 'Çalışıyor'),
(54, 4, 12, 'Tip 5', 'Microsoft Windows 10 Education', 'x64-based PC', 'Intel(R) Core(TM) i5-10400 CPU @ 2.90GHz,2904Mhz', '8.00 GB', 'Intel (R) UHD Graphics 630', '-Adobe Master Collection CC 2017\r\n\r\n-CorelDRAW X5\r\n\r\n-Acronis True Image 2018\r\n\r\n-AutoCAD 2007\r\n\r\n-AutoCAD 2019\r\n\r\n-Delphi 7\r\n\r\n-Lazarus\r\n\r\n-Mastercam X5\r\n\r\n-Proteus 8 Professional\r\n\r\n-Excel 2016\r\n\r\n-Word 2016\r\n\r\n-Access 2016\r\n\r\n-CodeBlocks\r\n\r\n-SolidWorks 2016\r\n\r\n-SolidWorks 2011\r\n\r\n-Electronics Workbench\r\n\r\n-Visual Studio 2022\r\n\r\n\r\n\r\n\r\n\r\n\r\n\r\n\r\n\r\n\r\n\r\n\r\n\r\n', 'Çalışıyor'),
(55, 4, 13, 'Tip 5', 'Microsoft Windows 10 Education', 'x64-based PC', 'Intel(R) Core(TM) i5-10400 CPU @ 2.90GHz,2904Mhz', '8.00 GB', 'Intel (R) UHD Graphics 630', '-Adobe Master Collection CC 2017\r\n\r\n-CorelDRAW X5\r\n\r\n-Acronis True Image 2018\r\n\r\n-AutoCAD 2007\r\n\r\n-AutoCAD 2019\r\n\r\n-Delphi 7\r\n\r\n-Lazarus\r\n\r\n-Mastercam X5\r\n\r\n-Proteus 8 Professional\r\n\r\n-Excel 2016\r\n\r\n-Word 2016\r\n\r\n-Access 2016\r\n\r\n-CodeBlocks\r\n\r\n-SolidWorks 2016\r\n\r\n-SolidWorks 2011\r\n\r\n-Electronics Workbench\r\n\r\n-Visual Studio 2022\r\n\r\n\r\n\r\n\r\n\r\n\r\n\r\n\r\n\r\n\r\n\r\n\r\n\r\n', 'Çalışıyor'),
(56, 4, 14, 'Tip 7', 'Microsoft Windows 10 Education', 'x64-based PC', 'Intel(R) Core(TM) i5-10500 CPU @ 2.90GHz,2904Mhz', '16.00 GB', 'Intel (R) UHD Graphics 630', '-Adobe Master Collection CC 2017\r\n\r\n-CorelDRAW X5\r\n\r\n-Acronis True Image 2018\r\n\r\n-AutoCAD 2007\r\n\r\n-AutoCAD 2019\r\n\r\n-Delphi 7\r\n\r\n-Lazarus\r\n\r\n-Mastercam X5\r\n\r\n-Proteus 8 Professional\r\n\r\n-Excel 2016\r\n\r\n-Word 2016\r\n\r\n-Access 2016\r\n\r\n-CodeBlocks\r\n\r\n-SolidWorks 2016\r\n\r\n-SolidWorks 2011\r\n\r\n-Electronics Workbench\r\n\r\n-Visual Studio 2022\r\n\r\n\r\n\r\n\r\n\r\n\r\n\r\n\r\n\r\n\r\n\r\n\r\n\r\n', 'Çalışıyor'),
(57, 4, 15, 'Tip 5', 'Microsoft Windows 10 Education', 'x64-based PC', 'Intel(R) Core(TM) i5-10400 CPU @ 2.90GHz,2904Mhz', '8.00 GB', 'Intel (R) UHD Graphics 630', '-Adobe Master Collection CC 2017\r\n\r\n-CorelDRAW X5\r\n\r\n-Acronis True Image 2018\r\n\r\n-AutoCAD 2007\r\n\r\n-AutoCAD 2019\r\n\r\n-Delphi 7\r\n\r\n-Lazarus\r\n\r\n-Mastercam X5\r\n\r\n-Proteus 8 Professional\r\n\r\n-Excel 2016\r\n\r\n-Word 2016\r\n\r\n-Access 2016\r\n\r\n-CodeBlocks\r\n\r\n-SolidWorks 2016\r\n\r\n-SolidWorks 2011\r\n\r\n-Electronics Workbench\r\n\r\n-Visual Studio 2022\r\n\r\n\r\n\r\n\r\n\r\n\r\n\r\n\r\n\r\n\r\n\r\n\r\n\r\n', 'Çalışıyor'),
(58, 4, 16, 'Tip 5', 'Microsoft Windows 10 Education', 'x64-based PC', 'Intel(R) Core(TM) i5-10400 CPU @ 2.90GHz,2904Mhz', '8.00 GB', 'Intel (R) UHD Graphics 630', '-Adobe Master Collection CC 2017\r\n\r\n-CorelDRAW X5\r\n\r\n-Acronis True Image 2018\r\n\r\n-AutoCAD 2007\r\n\r\n-AutoCAD 2019\r\n\r\n-Delphi 7\r\n\r\n-Lazarus\r\n\r\n-Mastercam X5\r\n\r\n-Proteus 8 Professional\r\n\r\n-Excel 2016\r\n\r\n-Word 2016\r\n\r\n-Access 2016\r\n\r\n-CodeBlocks\r\n\r\n-SolidWorks 2016\r\n\r\n-SolidWorks 2011\r\n\r\n-Electronics Workbench\r\n\r\n-Visual Studio 2022\r\n\r\n\r\n\r\n\r\n\r\n\r\n\r\n\r\n\r\n\r\n\r\n\r\n\r\n', 'Çalışıyor'),
(59, 4, 17, 'Tip 5', 'Microsoft Windows 10 Education', 'x64-based PC', 'Intel(R) Core(TM) i5-10400 CPU @ 2.90GHz,2904Mhz', '8.00 GB', 'Intel (R) UHD Graphics 630', '-Adobe Master Collection CC 2017\r\n\r\n-CorelDRAW X5\r\n\r\n-Acronis True Image 2018\r\n\r\n-AutoCAD 2007\r\n\r\n-AutoCAD 2019\r\n\r\n-Delphi 7\r\n\r\n-Lazarus\r\n\r\n-Mastercam X5\r\n\r\n-Proteus 8 Professional\r\n\r\n-Excel 2016\r\n\r\n-Word 2016\r\n\r\n-Access 2016\r\n\r\n-CodeBlocks\r\n\r\n-SolidWorks 2016\r\n\r\n-SolidWorks 2011\r\n\r\n-Electronics Workbench\r\n\r\n-Visual Studio 2022\r\n\r\n\r\n\r\n\r\n\r\n\r\n\r\n\r\n\r\n\r\n\r\n\r\n\r\n', 'Çalışıyor'),
(60, 4, 18, 'Tip 5', 'Microsoft Windows 10 Education', 'x64-based PC', 'Intel(R) Core(TM) i5-10400 CPU @ 2.90GHz,2904Mhz', '8.00 GB', 'Intel (R) UHD Graphics 630', '-Adobe Master Collection CC 2017\r\n\r\n-CorelDRAW X5\r\n\r\n-Acronis True Image 2018\r\n\r\n-AutoCAD 2007\r\n\r\n-AutoCAD 2019\r\n\r\n-Delphi 7\r\n\r\n-Lazarus\r\n\r\n-Mastercam X5\r\n\r\n-Proteus 8 Professional\r\n\r\n-Excel 2016\r\n\r\n-Word 2016\r\n\r\n-Access 2016\r\n\r\n-CodeBlocks\r\n\r\n-SolidWorks 2016\r\n\r\n-SolidWorks 2011\r\n\r\n-Electronics Workbench\r\n\r\n-Visual Studio 2022\r\n\r\n\r\n\r\n\r\n\r\n\r\n\r\n\r\n\r\n\r\n\r\n\r\n\r\n', 'Çalışıyor'),
(61, 4, 19, 'Tip 7', 'Microsoft Windows 10 Education', 'x64-based PC', 'Intel(R) Core(TM) i5-10500 CPU @ 2.90GHz,2904Mhz', '16.00 GB', 'Intel (R) UHD Graphics 630', '-Adobe Master Collection CC 2017\r\n\r\n-CorelDRAW X5\r\n\r\n-Acronis True Image 2018\r\n\r\n-AutoCAD 2007\r\n\r\n-AutoCAD 2019\r\n\r\n-Delphi 7\r\n\r\n-Lazarus\r\n\r\n-Mastercam X5\r\n\r\n-Proteus 8 Professional\r\n\r\n-Excel 2016\r\n\r\n-Word 2016\r\n\r\n-Access 2016\r\n\r\n-CodeBlocks\r\n\r\n-SolidWorks 2016\r\n\r\n-SolidWorks 2011\r\n\r\n-Electronics Workbench\r\n\r\n-Visual Studio 2022\r\n\r\n\r\n\r\n\r\n\r\n\r\n\r\n\r\n\r\n\r\n\r\n\r\n\r\n', 'Çalışıyor'),
(62, 4, 20, 'Tip 7', 'Microsoft Windows 10 Education', 'x64-based PC', 'Intel(R) Core(TM) i5-10500 CPU @ 2.90GHz,2904Mhz', '16.00 GB', 'Intel (R) UHD Graphics 630', '-Adobe Master Collection CC 2017\r\n\r\n-CorelDRAW X5\r\n\r\n-Acronis True Image 2018\r\n\r\n-AutoCAD 2007\r\n\r\n-AutoCAD 2019\r\n\r\n-Delphi 7\r\n\r\n-Lazarus\r\n\r\n-Mastercam X5\r\n\r\n-Proteus 8 Professional\r\n\r\n-Excel 2016\r\n\r\n-Word 2016\r\n\r\n-Access 2016\r\n\r\n-CodeBlocks\r\n\r\n-SolidWorks 2016\r\n\r\n-SolidWorks 2011\r\n\r\n-Electronics Workbench\r\n\r\n-Visual Studio 2022\r\n\r\n\r\n\r\n\r\n\r\n\r\n\r\n\r\n\r\n\r\n\r\n\r\n\r\n', 'Çalışıyor'),
(63, 4, 21, 'Tip 5', 'Microsoft Windows 10 Education', 'x64-based PC', 'Intel(R) Core(TM) i5-10400 CPU @ 2.90GHz,2904Mhz', '8.00 GB', 'Intel (R) UHD Graphics 630', '-Adobe Master Collection CC 2017\r\n\r\n-CorelDRAW X5\r\n\r\n-Acronis True Image 2018\r\n\r\n-AutoCAD 2007\r\n\r\n-AutoCAD 2019\r\n\r\n-Delphi 7\r\n\r\n-Lazarus\r\n\r\n-Mastercam X5\r\n\r\n-Proteus 8 Professional\r\n\r\n-Excel 2016\r\n\r\n-Word 2016\r\n\r\n-Access 2016\r\n\r\n-CodeBlocks\r\n\r\n-SolidWorks 2016\r\n\r\n-SolidWorks 2011\r\n\r\n-Electronics Workbench\r\n\r\n-Visual Studio 2022\r\n\r\n\r\n\r\n\r\n\r\n\r\n\r\n\r\n\r\n\r\n\r\n\r\n\r\n', 'Çalışıyor'),
(64, 4, 22, 'Tip 5', 'Microsoft Windows 10 Education', 'x64-based PC', 'Intel(R) Core(TM) i5-10400 CPU @ 2.90GHz,2904Mhz', '8.00 GB', 'Intel (R) UHD Graphics 630', '-Adobe Master Collection CC 2017\r\n\r\n-CorelDRAW X5\r\n\r\n-Acronis True Image 2018\r\n\r\n-AutoCAD 2007\r\n\r\n-AutoCAD 2019\r\n\r\n-Delphi 7\r\n\r\n-Lazarus\r\n\r\n-Mastercam X5\r\n\r\n-Proteus 8 Professional\r\n\r\n-Excel 2016\r\n\r\n-Word 2016\r\n\r\n-Access 2016\r\n\r\n-CodeBlocks\r\n\r\n-SolidWorks 2016\r\n\r\n-SolidWorks 2011\r\n\r\n-Electronics Workbench\r\n\r\n-Visual Studio 2022\r\n\r\n\r\n\r\n\r\n\r\n\r\n\r\n\r\n\r\n\r\n\r\n\r\n\r\n', 'Çalışıyor'),
(65, 4, 23, 'Tip 5', 'Microsoft Windows 10 Education', 'x64-based PC', 'Intel(R) Core(TM) i5-10400 CPU @ 2.90GHz,2904Mhz', '8.00 GB', 'Intel (R) UHD Graphics 630', '-Adobe Master Collection CC 2017\r\n\r\n-CorelDRAW X5\r\n\r\n-Acronis True Image 2018\r\n\r\n-AutoCAD 2007\r\n\r\n-AutoCAD 2019\r\n\r\n-Delphi 7\r\n\r\n-Lazarus\r\n\r\n-Mastercam X5\r\n\r\n-Proteus 8 Professional\r\n\r\n-Excel 2016\r\n\r\n-Word 2016\r\n\r\n-Access 2016\r\n\r\n-CodeBlocks\r\n\r\n-SolidWorks 2016\r\n\r\n-SolidWorks 2011\r\n\r\n-Electronics Workbench\r\n\r\n-Visual Studio 2022\r\n\r\n\r\n\r\n\r\n\r\n\r\n\r\n\r\n\r\n\r\n\r\n\r\n\r\n', 'Çalışıyor'),
(66, 4, 24, 'Tip 7', 'Microsoft Windows 10 Education', 'x64-based PC', 'Intel(R) Core(TM) i5-10500 CPU @ 2.90GHz,2904Mhz', '16.00 GB', 'Intel (R) UHD Graphics 630', '-Adobe Master Collection CC 2017\r\n\r\n-CorelDRAW X5\r\n\r\n-Acronis True Image 2018\r\n\r\n-AutoCAD 2007\r\n\r\n-AutoCAD 2019\r\n\r\n-Delphi 7\r\n\r\n-Lazarus\r\n\r\n-Mastercam X5\r\n\r\n-Proteus 8 Professional\r\n\r\n-Excel 2016\r\n\r\n-Word 2016\r\n\r\n-Access 2016\r\n\r\n-CodeBlocks\r\n\r\n-SolidWorks 2016\r\n\r\n-SolidWorks 2011\r\n\r\n-Electronics Workbench\r\n\r\n-Visual Studio 2022\r\n\r\n\r\n\r\n\r\n\r\n\r\n\r\n\r\n\r\n\r\n\r\n\r\n\r\n', 'Çalışıyor'),
(67, 4, 25, 'Tip 8', 'Microsoft Windows 10 Education', 'x64-based PC', 'AMD Ryzen5 4600G', '8.00 GB', 'AMD Radeon(TM) Graphics', '-Adobe Master Collection CC 2017\r\n\r\n-CorelDRAW X5\r\n\r\n-Acronis True Image 2018\r\n\r\n-AutoCAD 2007\r\n\r\n-AutoCAD 2019\r\n\r\n-Delphi 7\r\n\r\n-Lazarus\r\n\r\n-Mastercam X5\r\n\r\n-Proteus 8 Professional\r\n\r\n-Excel 2016\r\n\r\n-Word 2016\r\n\r\n-Access 2016\r\n\r\n-CodeBlocks\r\n\r\n-SolidWorks 2016\r\n\r\n-SolidWorks 2011\r\n\r\n-Electronics Workbench\r\n\r\n-Visual Studio 2022\r\n\r\n\r\n\r\n\r\n\r\n\r\n\r\n\r\n\r\n\r\n\r\n\r\n\r\n', 'Çalışıyor'),
(68, 4, 26, 'Tip 5', 'Microsoft Windows 10 Education', 'x64-based PC', 'Intel(R) Core(TM) i5-10400 CPU @ 2.90GHz,2904Mhz', '8.00 GB', 'Intel (R) UHD Graphics 630', '-Adobe Master Collection CC 2017\r\n\r\n-CorelDRAW X5\r\n\r\n-Acronis True Image 2018\r\n\r\n-AutoCAD 2007\r\n\r\n-AutoCAD 2019\r\n\r\n-Delphi 7\r\n\r\n-Lazarus\r\n\r\n-Mastercam X5\r\n\r\n-Proteus 8 Professional\r\n\r\n-Excel 2016\r\n\r\n-Word 2016\r\n\r\n-Access 2016\r\n\r\n-CodeBlocks\r\n\r\n-SolidWorks 2016\r\n\r\n-SolidWorks 2011\r\n\r\n-Electronics Workbench\r\n\r\n-Visual Studio 2022\r\n\r\n\r\n\r\n\r\n\r\n\r\n\r\n\r\n\r\n\r\n\r\n\r\n\r\n', 'Çalışıyor'),
(69, 4, 27, 'Tip 7', 'Microsoft Windows 10 Education', 'x64-based PC', 'Intel(R) Core(TM) i5-10500 CPU @ 2.90GHz,2904Mhz', '16.00 GB', 'Intel (R) UHD Graphics 630', '-Adobe Master Collection CC 2017\r\n\r\n-CorelDRAW X5\r\n\r\n-Acronis True Image 2018\r\n\r\n-AutoCAD 2007\r\n\r\n-AutoCAD 2019\r\n\r\n-Delphi 7\r\n\r\n-Lazarus\r\n\r\n-Mastercam X5\r\n\r\n-Proteus 8 Professional\r\n\r\n-Excel 2016\r\n\r\n-Word 2016\r\n\r\n-Access 2016\r\n\r\n-CodeBlocks\r\n\r\n-SolidWorks 2016\r\n\r\n-SolidWorks 2011\r\n\r\n-Electronics Workbench\r\n\r\n-Visual Studio 2022\r\n\r\n\r\n\r\n\r\n\r\n\r\n\r\n\r\n\r\n\r\n\r\n\r\n\r\n', 'Çalışıyor'),
(70, 4, 28, 'Tip 5', 'Microsoft Windows 10 Education', 'x64-based PC', 'Intel(R) Core(TM) i5-10400 CPU @ 2.90GHz,2904Mhz', '8.00 GB', 'Intel (R) UHD Graphics 630', '-Adobe Master Collection CC 2017\r\n\r\n-CorelDRAW X5\r\n\r\n-Acronis True Image 2018\r\n\r\n-AutoCAD 2007\r\n\r\n-AutoCAD 2019\r\n\r\n-Delphi 7\r\n\r\n-Lazarus\r\n\r\n-Mastercam X5\r\n\r\n-Proteus 8 Professional\r\n\r\n-Excel 2016\r\n\r\n-Word 2016\r\n\r\n-Access 2016\r\n\r\n-CodeBlocks\r\n\r\n-SolidWorks 2016\r\n\r\n-SolidWorks 2011\r\n\r\n-Electronics Workbench\r\n\r\n-Visual Studio 2022\r\n\r\n\r\n\r\n\r\n\r\n\r\n\r\n\r\n\r\n\r\n\r\n\r\n\r\n', 'Çalışıyor'),
(71, 4, 29, 'Tip 5', 'Microsoft Windows 10 Education', 'x64-based PC', 'Intel(R) Core(TM) i5-10400 CPU @ 2.90GHz,2904Mhz', '8.00 GB', 'Intel (R) UHD Graphics 630', '-Adobe Master Collection CC 2017\r\n\r\n-CorelDRAW X5\r\n\r\n-Acronis True Image 2018\r\n\r\n-AutoCAD 2007\r\n\r\n-AutoCAD 2019\r\n\r\n-Delphi 7\r\n\r\n-Lazarus\r\n\r\n-Mastercam X5\r\n\r\n-Proteus 8 Professional\r\n\r\n-Excel 2016\r\n\r\n-Word 2016\r\n\r\n-Access 2016\r\n\r\n-CodeBlocks\r\n\r\n-SolidWorks 2016\r\n\r\n-SolidWorks 2011\r\n\r\n-Electronics Workbench\r\n\r\n-Visual Studio 2022\r\n\r\n\r\n\r\n\r\n\r\n\r\n\r\n\r\n\r\n\r\n\r\n\r\n\r\n', 'Çalışıyor'),
(72, 4, 30, 'Tip 5', 'Microsoft Windows 10 Education', 'x64-based PC', 'Intel(R) Core(TM) i5-10400 CPU @ 2.90GHz,2904Mhz', '8.00 GB', 'Intel (R) UHD Graphics 630', '-Adobe Master Collection CC 2017\r\n\r\n-CorelDRAW X5\r\n\r\n-Acronis True Image 2018\r\n\r\n-AutoCAD 2007\r\n\r\n-AutoCAD 2019\r\n\r\n-Delphi 7\r\n\r\n-Lazarus\r\n\r\n-Mastercam X5\r\n\r\n-Proteus 8 Professional\r\n\r\n-Excel 2016\r\n\r\n-Word 2016\r\n\r\n-Access 2016\r\n\r\n-CodeBlocks\r\n\r\n-SolidWorks 2016\r\n\r\n-SolidWorks 2011\r\n\r\n-Electronics Workbench\r\n\r\n-Visual Studio 2022\r\n\r\n\r\n\r\n\r\n\r\n\r\n\r\n\r\n\r\n\r\n\r\n\r\n\r\n', 'Çalışıyor'),
(73, 4, 31, 'Tip 3', 'Microsoft Windows 10 Pro', 'x64-based PC', 'Intel(R) Core(TM) i5-7400 CPU@ 3.00 GHz, 3000 Mhz', '8.00 GB', 'Intel (R) HD Graphics 630', '-Adobe Master Collection CC 2017\r\n\r\n-CorelDRAW X5\r\n\r\n-Acronis True Image 2018\r\n\r\n-AutoCAD 2007\r\n\r\n-AutoCAD 2019\r\n\r\n-Delphi 7\r\n\r\n-Lazarus\r\n\r\n-Mastercam X5\r\n\r\n-Proteus 8 Professional\r\n\r\n-Excel 2016\r\n\r\n-Word 2016\r\n\r\n-Access 2016\r\n\r\n-CodeBlocks\r\n\r\n-SolidWorks 2016\r\n\r\n-SolidWorks 2011\r\n\r\n-Electronics Workbench\r\n\r\n-Visual Studio 2022\r\n\r\n\r\n\r\n\r\n\r\n\r\n\r\n\r\n\r\n\r\n\r\n\r\n\r\n', 'Çalışıyor'),
(74, 4, 32, 'Tip 3', 'Microsoft Windows 10 Pro', 'x64-based PC', 'Intel(R) Core(TM) i5-7400 CPU@ 3.00 GHz, 3000 Mhz', '8.00 GB', 'Intel (R) HD Graphics 630', '-Adobe Master Collection CC 2017\r\n\r\n-CorelDRAW X5\r\n\r\n-Acronis True Image 2018\r\n\r\n-AutoCAD 2007\r\n\r\n-AutoCAD 2019\r\n\r\n-Delphi 7\r\n\r\n-Lazarus\r\n\r\n-Mastercam X5\r\n\r\n-Proteus 8 Professional\r\n\r\n-Excel 2016\r\n\r\n-Word 2016\r\n\r\n-Access 2016\r\n\r\n-CodeBlocks\r\n\r\n-SolidWorks 2016\r\n\r\n-SolidWorks 2011\r\n\r\n-Electronics Workbench\r\n\r\n-Visual Studio 2022\r\n\r\n\r\n\r\n\r\n\r\n\r\n\r\n\r\n\r\n\r\n\r\n\r\n\r\n', 'Çalışıyor'),
(75, 4, 33, 'Tip 3', 'Microsoft Windows 10 Pro', 'x64-based PC', 'Intel(R) Core(TM) i5-7400 CPU@ 3.00 GHz, 3000 Mhz', '8.00 GB', 'Intel (R) HD Graphics 630', '-Adobe Master Collection CC 2017\r\n\r\n-CorelDRAW X5\r\n\r\n-Acronis True Image 2018\r\n\r\n-AutoCAD 2007\r\n\r\n-AutoCAD 2019\r\n\r\n-Delphi 7\r\n\r\n-Lazarus\r\n\r\n-Mastercam X5\r\n\r\n-Proteus 8 Professional\r\n\r\n-Excel 2016\r\n\r\n-Word 2016\r\n\r\n-Access 2016\r\n\r\n-CodeBlocks\r\n\r\n-SolidWorks 2016\r\n\r\n-SolidWorks 2011\r\n\r\n-Electronics Workbench\r\n\r\n-Visual Studio 2022\r\n\r\n\r\n\r\n\r\n\r\n\r\n\r\n\r\n\r\n\r\n\r\n\r\n\r\n', 'Çalışıyor'),
(76, 4, 34, 'Tip 5', 'Microsoft Windows 10 Education', 'x64-based PC', 'Intel(R) Core(TM) i5-10400 CPU @ 2.90GHz,2904Mhz', '8.00 GB', 'Intel (R) UHD Graphics 630', '-Adobe Master Collection CC 2017\r\n\r\n-CorelDRAW X5\r\n\r\n-Acronis True Image 2018\r\n\r\n-AutoCAD 2007\r\n\r\n-AutoCAD 2019\r\n\r\n-Delphi 7\r\n\r\n-Lazarus\r\n\r\n-Mastercam X5\r\n\r\n-Proteus 8 Professional\r\n\r\n-Excel 2016\r\n\r\n-Word 2016\r\n\r\n-Access 2016\r\n\r\n-CodeBlocks\r\n\r\n-SolidWorks 2016\r\n\r\n-SolidWorks 2011\r\n\r\n-Electronics Workbench\r\n\r\n-Visual Studio 2022\r\n\r\n\r\n\r\n\r\n\r\n\r\n\r\n\r\n\r\n\r\n\r\n\r\n\r\n', 'Çalışıyor'),
(77, 4, 35, 'Tip 5', 'Microsoft Windows 10 Education', 'x64-based PC', 'Intel(R) Core(TM) i5-10400 CPU @ 2.90GHz,2904Mhz', '8.00 GB', 'Intel (R) UHD Graphics 630', '-Adobe Master Collection CC 2017\r\n\r\n-CorelDRAW X5\r\n\r\n-Acronis True Image 2018\r\n\r\n-AutoCAD 2007\r\n\r\n-AutoCAD 2019\r\n\r\n-Delphi 7\r\n\r\n-Lazarus\r\n\r\n-Mastercam X5\r\n\r\n-Proteus 8 Professional\r\n\r\n-Excel 2016\r\n\r\n-Word 2016\r\n\r\n-Access 2016\r\n\r\n-CodeBlocks\r\n\r\n-SolidWorks 2016\r\n\r\n-SolidWorks 2011\r\n\r\n-Electronics Workbench\r\n\r\n-Visual Studio 2022\r\n\r\n\r\n\r\n\r\n\r\n\r\n\r\n\r\n\r\n\r\n\r\n\r\n\r\n', 'Çalışıyor'),
(78, 4, 36, 'Tip 5', 'Microsoft Windows 10 Education', 'x64-based PC', 'Intel(R) Core(TM) i5-10400 CPU @ 2.90GHz,2904Mhz', '8.00 GB', 'Intel (R) UHD Graphics 630', '-Adobe Master Collection CC 2017\r\n\r\n-CorelDRAW X5\r\n\r\n-Acronis True Image 2018\r\n\r\n-AutoCAD 2007\r\n\r\n-AutoCAD 2019\r\n\r\n-Delphi 7\r\n\r\n-Lazarus\r\n\r\n-Mastercam X5\r\n\r\n-Proteus 8 Professional\r\n\r\n-Excel 2016\r\n\r\n-Word 2016\r\n\r\n-Access 2016\r\n\r\n-CodeBlocks\r\n\r\n-SolidWorks 2016\r\n\r\n-SolidWorks 2011\r\n\r\n-Electronics Workbench\r\n\r\n-Visual Studio 2022\r\n\r\n\r\n\r\n\r\n\r\n\r\n\r\n\r\n\r\n\r\n\r\n\r\n\r\n', 'Çalışıyor'),
(79, 4, 37, 'Tip 3', 'Microsoft Windows 10 Pro', 'x64-based PC', 'Intel(R) Core(TM) i5-7400 CPU@ 3.00 GHz, 3000 Mhz', '8.00 GB', 'Intel (R) HD Graphics 630', '-Adobe Master Collection CC 2017\r\n\r\n-CorelDRAW X5\r\n\r\n-Acronis True Image 2018\r\n\r\n-AutoCAD 2007\r\n\r\n-AutoCAD 2019\r\n\r\n-Delphi 7\r\n\r\n-Lazarus\r\n\r\n-Mastercam X5\r\n\r\n-Proteus 8 Professional\r\n\r\n-Excel 2016\r\n\r\n-Word 2016\r\n\r\n-Access 2016\r\n\r\n-CodeBlocks\r\n\r\n-SolidWorks 2016\r\n\r\n-SolidWorks 2011\r\n\r\n-Electronics Workbench\r\n\r\n-Visual Studio 2022\r\n\r\n\r\n\r\n\r\n\r\n\r\n\r\n\r\n\r\n\r\n\r\n\r\n\r\n', 'Çalışıyor'),
(80, 4, 38, 'Tip 3', 'Microsoft Windows 10 Pro', 'x64-based PC', 'Intel(R) Core(TM) i5-7400 CPU@ 3.00 GHz, 3000 Mhz', '8.00 GB', 'Intel (R) HD Graphics 630', '-Adobe Master Collection CC 2017\r\n\r\n-CorelDRAW X5\r\n\r\n-Acronis True Image 2018\r\n\r\n-AutoCAD 2007\r\n\r\n-AutoCAD 2019\r\n\r\n-Delphi 7\r\n\r\n-Lazarus\r\n\r\n-Mastercam X5\r\n\r\n-Proteus 8 Professional\r\n\r\n-Excel 2016\r\n\r\n-Word 2016\r\n\r\n-Access 2016\r\n\r\n-CodeBlocks\r\n\r\n-SolidWorks 2016\r\n\r\n-SolidWorks 2011\r\n\r\n-Electronics Workbench\r\n\r\n-Visual Studio 2022\r\n\r\n\r\n\r\n\r\n\r\n\r\n\r\n\r\n\r\n\r\n\r\n\r\n\r\n', 'Çalışıyor'),
(81, 4, 39, 'Tip 3', 'Microsoft Windows 10 Pro', 'x64-based PC', 'Intel(R) Core(TM) i5-7400 CPU@ 3.00 GHz, 3000 Mhz', '8.00 GB', 'Intel (R) HD Graphics 630', '-Adobe Master Collection CC 2017\r\n\r\n-CorelDRAW X5\r\n\r\n-Acronis True Image 2018\r\n\r\n-AutoCAD 2007\r\n\r\n-AutoCAD 2019\r\n\r\n-Delphi 7\r\n\r\n-Lazarus\r\n\r\n-Mastercam X5\r\n\r\n-Proteus 8 Professional\r\n\r\n-Excel 2016\r\n\r\n-Word 2016\r\n\r\n-Access 2016\r\n\r\n-CodeBlocks\r\n\r\n-SolidWorks 2016\r\n\r\n-SolidWorks 2011\r\n\r\n-Electronics Workbench\r\n\r\n-Visual Studio 2022\r\n\r\n\r\n\r\n\r\n\r\n\r\n\r\n\r\n\r\n\r\n\r\n\r\n\r\n', 'Çalışıyor'),
(82, 4, 40, 'Tip 7', 'Microsoft Windows 10 Education', 'x64-based PC', 'Intel(R) Core(TM) i5-10500 CPU @ 2.90GHz,2904Mhz', '16.00 GB', 'Intel (R) UHD Graphics 630', '-Adobe Master Collection CC 2017\r\n\r\n-CorelDRAW X5\r\n\r\n-Acronis True Image 2018\r\n\r\n-AutoCAD 2007\r\n\r\n-AutoCAD 2019\r\n\r\n-Delphi 7\r\n\r\n-Lazarus\r\n\r\n-Mastercam X5\r\n\r\n-Proteus 8 Professional\r\n\r\n-Excel 2016\r\n\r\n-Word 2016\r\n\r\n-Access 2016\r\n\r\n-CodeBlocks\r\n\r\n-SolidWorks 2016\r\n\r\n-SolidWorks 2011\r\n\r\n-Electronics Workbench\r\n\r\n-Visual Studio 2022\r\n\r\n\r\n\r\n\r\n\r\n\r\n\r\n\r\n\r\n\r\n\r\n\r\n\r\n', 'Çalışıyor'),
(83, 4, 41, 'Tip 5', 'Microsoft Windows 10 Education', 'x64-based PC', 'Intel(R) Core(TM) i5-10400 CPU @ 2.90GHz,2904Mhz', '8.00 GB', 'Intel (R) UHD Graphics 630', '-Adobe Master Collection CC 2017\r\n\r\n-CorelDRAW X5\r\n\r\n-Acronis True Image 2018\r\n\r\n-AutoCAD 2007\r\n\r\n-AutoCAD 2019\r\n\r\n-Delphi 7\r\n\r\n-Lazarus\r\n\r\n-Mastercam X5\r\n\r\n-Proteus 8 Professional\r\n\r\n-Excel 2016\r\n\r\n-Word 2016\r\n\r\n-Access 2016\r\n\r\n-CodeBlocks\r\n\r\n-SolidWorks 2016\r\n\r\n-SolidWorks 2011\r\n\r\n-Electronics Workbench\r\n\r\n-Visual Studio 2022\r\n\r\n\r\n\r\n\r\n\r\n\r\n\r\n\r\n\r\n\r\n\r\n\r\n\r\n', 'Çalışıyor'),
(84, 4, 42, 'Tip 7', 'Microsoft Windows 10 Education', 'x64-based PC', 'Intel(R) Core(TM) i5-10500 CPU @ 2.90GHz,2904Mhz', '16.00 GB', 'Intel (R) UHD Graphics 630', '-Adobe Master Collection CC 2017\r\n\r\n-CorelDRAW X5\r\n\r\n-Acronis True Image 2018\r\n\r\n-AutoCAD 2007\r\n\r\n-AutoCAD 2019\r\n\r\n-Delphi 7\r\n\r\n-Lazarus\r\n\r\n-Mastercam X5\r\n\r\n-Proteus 8 Professional\r\n\r\n-Excel 2016\r\n\r\n-Word 2016\r\n\r\n-Access 2016\r\n\r\n-CodeBlocks\r\n\r\n-SolidWorks 2016\r\n\r\n-SolidWorks 2011\r\n\r\n-Electronics Workbench\r\n\r\n-Visual Studio 2022\r\n\r\n\r\n\r\n\r\n\r\n\r\n\r\n\r\n\r\n\r\n\r\n\r\n\r\n', 'Çalışıyor'),
(85, 3, 1, 'Tip 6', 'Microsoft Windows 10 Education', 'x64-based PC', 'Intel(R) Core(TM) i5-7400 CPU @ 3.00GHz,2592Mhz', '8.00 GB', 'Intel (R) UHD Graphics 630', '-Adobe Master Collection CC 2017\r\n\r\n-CorelDRAW X5\r\n\r\n-Acronis True Image 2018\r\n\r\n-AutoCAD 2007\r\n\r\n-AutoCAD 2019\r\n\r\n-Delphi 7\r\n\r\n-Lazarus\r\n\r\n-Mastercam X5\r\n\r\n-Proteus 8 Professional\r\n\r\n-Excel 2016\r\n\r\n-Word 2016\r\n\r\n-Access 2016\r\n\r\n-CodeBlocks\r\n\r\n-Visual Studio 2022\r\n\r\n-SolidWorks 2016\r\n\r\n-SolidWorks 2011\r\n\r\n-Electronics Workbench\r\n\r\n-Arduino\r\n\r\n-VS Code\r\n\r\n-3ds Max\r\n\r\n\r\n\r\n\r\n\r\n\r\n\r\n', 'Çalışıyor'),
(86, 3, 2, 'Tip 6', 'Microsoft Windows 10 Education', 'x64-based PC', 'Intel(R) Core(TM) i5-7400 CPU @ 3.00GHz,2592Mhz', '8.00 GB', 'Intel (R) UHD Graphics 630', '-Adobe Master Collection CC 2017\r\n\r\n-CorelDRAW X5\r\n\r\n-Acronis True Image 2018\r\n\r\n-AutoCAD 2007\r\n\r\n-AutoCAD 2019\r\n\r\n-Delphi 7\r\n\r\n-Lazarus\r\n\r\n-Mastercam X5\r\n\r\n-Proteus 8 Professional\r\n\r\n-Excel 2016\r\n\r\n-Word 2016\r\n\r\n-Access 2016\r\n\r\n-CodeBlocks\r\n\r\n-Visual Studio 2022\r\n\r\n-SolidWorks 2016\r\n\r\n-SolidWorks 2011\r\n\r\n-Electronics Workbench\r\n\r\n-Arduino\r\n\r\n-VS Code\r\n\r\n-3ds Max\r\n\r\n\r\n\r\n\r\n\r\n\r\n\r\n', 'Çalışıyor'),
(87, 3, 3, 'Tip 6', 'Microsoft Windows 10 Education', 'x64-based PC', 'Intel(R) Core(TM) i5-7400 CPU @ 3.00GHz,2592Mhz', '8.00 GB', 'Intel (R) UHD Graphics 630', '-Adobe Master Collection CC 2017\r\n\r\n-CorelDRAW X5\r\n\r\n-Acronis True Image 2018\r\n\r\n-AutoCAD 2007\r\n\r\n-AutoCAD 2019\r\n\r\n-Delphi 7\r\n\r\n-Lazarus\r\n\r\n-Mastercam X5\r\n\r\n-Proteus 8 Professional\r\n\r\n-Excel 2016\r\n\r\n-Word 2016\r\n\r\n-Access 2016\r\n\r\n-CodeBlocks\r\n\r\n-Visual Studio 2022\r\n\r\n-SolidWorks 2016\r\n\r\n-SolidWorks 2011\r\n\r\n-Electronics Workbench\r\n\r\n-Arduino\r\n\r\n-VS Code\r\n\r\n-3ds Max\r\n\r\n\r\n\r\n\r\n\r\n\r\n\r\n', 'Çalışıyor'),
(88, 3, 4, 'Tip 6', 'Microsoft Windows 10 Education', 'x64-based PC', 'Intel(R) Core(TM) i5-7400 CPU @ 3.00GHz,2592Mhz', '8.00 GB', 'Intel (R) UHD Graphics 630', '-Adobe Master Collection CC 2017\r\n\r\n-CorelDRAW X5\r\n\r\n-Acronis True Image 2018\r\n\r\n-AutoCAD 2007\r\n\r\n-AutoCAD 2019\r\n\r\n-Delphi 7\r\n\r\n-Lazarus\r\n\r\n-Mastercam X5\r\n\r\n-Proteus 8 Professional\r\n\r\n-Excel 2016\r\n\r\n-Word 2016\r\n\r\n-Access 2016\r\n\r\n-CodeBlocks\r\n\r\n-Visual Studio 2022\r\n\r\n-SolidWorks 2016\r\n\r\n-SolidWorks 2011\r\n\r\n-Electronics Workbench\r\n\r\n-Arduino\r\n\r\n-VS Code\r\n\r\n-3ds Max\r\n\r\n\r\n\r\n\r\n\r\n\r\n\r\n', 'Çalışıyor'),
(89, 3, 5, 'Tip 6', 'Microsoft Windows 10 Education', 'x64-based PC', 'Intel(R) Core(TM) i5-7400 CPU @ 3.00GHz,2592Mhz', '8.00 GB', 'Intel (R) UHD Graphics 630', '-Adobe Master Collection CC 2017\r\n\r\n-CorelDRAW X5\r\n\r\n-Acronis True Image 2018\r\n\r\n-AutoCAD 2007\r\n\r\n-AutoCAD 2019\r\n\r\n-Delphi 7\r\n\r\n-Lazarus\r\n\r\n-Mastercam X5\r\n\r\n-Proteus 8 Professional\r\n\r\n-Excel 2016\r\n\r\n-Word 2016\r\n\r\n-Access 2016\r\n\r\n-CodeBlocks\r\n\r\n-Visual Studio 2022\r\n\r\n-SolidWorks 2016\r\n\r\n-SolidWorks 2011\r\n\r\n-Electronics Workbench\r\n\r\n-Arduino\r\n\r\n-VS Code\r\n\r\n-3ds Max\r\n\r\n\r\n\r\n\r\n\r\n\r\n\r\n', 'Çalışıyor');
INSERT INTO `bilgisayarlar` (`bilg_id`, `lab_id`, `bilg_no`, `tip`, `isletim_sistemi`, `sistem_tür`, `islemci`, `RAM`, `ekran_kartı`, `yüklü_programlar`, `status`) VALUES
(90, 3, 6, 'Tip 6', 'Microsoft Windows 10 Education', 'x64-based PC', 'Intel(R) Core(TM) i5-7400 CPU @ 3.00GHz,2592Mhz', '8.00 GB', 'Intel (R) UHD Graphics 630', '-Adobe Master Collection CC 2017\r\n\r\n-CorelDRAW X5\r\n\r\n-Acronis True Image 2018\r\n\r\n-AutoCAD 2007\r\n\r\n-AutoCAD 2019\r\n\r\n-Delphi 7\r\n\r\n-Lazarus\r\n\r\n-Mastercam X5\r\n\r\n-Proteus 8 Professional\r\n\r\n-Excel 2016\r\n\r\n-Word 2016\r\n\r\n-Access 2016\r\n\r\n-CodeBlocks\r\n\r\n-Visual Studio 2022\r\n\r\n-SolidWorks 2016\r\n\r\n-SolidWorks 2011\r\n\r\n-Electronics Workbench\r\n\r\n-Arduino\r\n\r\n-VS Code\r\n\r\n-3ds Max\r\n\r\n\r\n\r\n\r\n\r\n\r\n\r\n', 'Çalışıyor'),
(91, 3, 7, 'Tip 6', 'Microsoft Windows 10 Education', 'x64-based PC', 'Intel(R) Core(TM) i5-7400 CPU @ 3.00GHz,2592Mhz', '8.00 GB', 'Intel (R) UHD Graphics 630', '-Adobe Master Collection CC 2017\r\n\r\n-CorelDRAW X5\r\n\r\n-Acronis True Image 2018\r\n\r\n-AutoCAD 2007\r\n\r\n-AutoCAD 2019\r\n\r\n-Delphi 7\r\n\r\n-Lazarus\r\n\r\n-Mastercam X5\r\n\r\n-Proteus 8 Professional\r\n\r\n-Excel 2016\r\n\r\n-Word 2016\r\n\r\n-Access 2016\r\n\r\n-CodeBlocks\r\n\r\n-Visual Studio 2022\r\n\r\n-SolidWorks 2016\r\n\r\n-SolidWorks 2011\r\n\r\n-Electronics Workbench\r\n\r\n-Arduino\r\n\r\n-VS Code\r\n\r\n-3ds Max\r\n\r\n\r\n\r\n\r\n\r\n\r\n\r\n', 'Çalışıyor'),
(92, 3, 8, 'Tip 6', 'Microsoft Windows 10 Education', 'x64-based PC', 'Intel(R) Core(TM) i5-7400 CPU @ 3.00GHz,2592Mhz', '8.00 GB', 'Intel (R) UHD Graphics 630', '-Adobe Master Collection CC 2017\r\n\r\n-CorelDRAW X5\r\n\r\n-Acronis True Image 2018\r\n\r\n-AutoCAD 2007\r\n\r\n-AutoCAD 2019\r\n\r\n-Delphi 7\r\n\r\n-Lazarus\r\n\r\n-Mastercam X5\r\n\r\n-Proteus 8 Professional\r\n\r\n-Excel 2016\r\n\r\n-Word 2016\r\n\r\n-Access 2016\r\n\r\n-CodeBlocks\r\n\r\n-Visual Studio 2022\r\n\r\n-SolidWorks 2016\r\n\r\n-SolidWorks 2011\r\n\r\n-Electronics Workbench\r\n\r\n-Arduino\r\n\r\n-VS Code\r\n\r\n-3ds Max\r\n\r\n\r\n\r\n\r\n\r\n\r\n\r\n', 'Çalışıyor'),
(93, 3, 9, 'Tip 6', 'Microsoft Windows 10 Education', 'x64-based PC', 'Intel(R) Core(TM) i5-7400 CPU @ 3.00GHz,2592Mhz', '8.00 GB', 'Intel (R) UHD Graphics 630', '-Adobe Master Collection CC 2017\r\n\r\n-CorelDRAW X5\r\n\r\n-Acronis True Image 2018\r\n\r\n-AutoCAD 2007\r\n\r\n-AutoCAD 2019\r\n\r\n-Delphi 7\r\n\r\n-Lazarus\r\n\r\n-Mastercam X5\r\n\r\n-Proteus 8 Professional\r\n\r\n-Excel 2016\r\n\r\n-Word 2016\r\n\r\n-Access 2016\r\n\r\n-CodeBlocks\r\n\r\n-Visual Studio 2022\r\n\r\n-SolidWorks 2016\r\n\r\n-SolidWorks 2011\r\n\r\n-Electronics Workbench\r\n\r\n-Arduino\r\n\r\n-VS Code\r\n\r\n-3ds Max\r\n\r\n\r\n\r\n\r\n\r\n\r\n\r\n', 'Çalışıyor'),
(94, 3, 10, 'Tip 6', 'Microsoft Windows 10 Education', 'x64-based PC', 'Intel(R) Core(TM) i5-7400 CPU @ 3.00GHz,2592Mhz', '8.00 GB', 'Intel (R) UHD Graphics 630', '-Adobe Master Collection CC 2017\r\n\r\n-CorelDRAW X5\r\n\r\n-Acronis True Image 2018\r\n\r\n-AutoCAD 2007\r\n\r\n-AutoCAD 2019\r\n\r\n-Delphi 7\r\n\r\n-Lazarus\r\n\r\n-Mastercam X5\r\n\r\n-Proteus 8 Professional\r\n\r\n-Excel 2016\r\n\r\n-Word 2016\r\n\r\n-Access 2016\r\n\r\n-CodeBlocks\r\n\r\n-Visual Studio 2022\r\n\r\n-SolidWorks 2016\r\n\r\n-SolidWorks 2011\r\n\r\n-Electronics Workbench\r\n\r\n-Arduino\r\n\r\n-VS Code\r\n\r\n-3ds Max\r\n\r\n\r\n\r\n\r\n\r\n\r\n\r\n', 'Çalışıyor'),
(95, 3, 11, 'Tip 6', 'Microsoft Windows 10 Education', 'x64-based PC', 'Intel(R) Core(TM) i5-7400 CPU @ 3.00GHz,2592Mhz', '8.00 GB', 'Intel (R) UHD Graphics 630', '-Adobe Master Collection CC 2017\r\n\r\n-CorelDRAW X5\r\n\r\n-Acronis True Image 2018\r\n\r\n-AutoCAD 2007\r\n\r\n-AutoCAD 2019\r\n\r\n-Delphi 7\r\n\r\n-Lazarus\r\n\r\n-Mastercam X5\r\n\r\n-Proteus 8 Professional\r\n\r\n-Excel 2016\r\n\r\n-Word 2016\r\n\r\n-Access 2016\r\n\r\n-CodeBlocks\r\n\r\n-Visual Studio 2022\r\n\r\n-SolidWorks 2016\r\n\r\n-SolidWorks 2011\r\n\r\n-Electronics Workbench\r\n\r\n-Arduino\r\n\r\n-VS Code\r\n\r\n-3ds Max\r\n\r\n\r\n\r\n\r\n\r\n\r\n\r\n', 'Çalışıyor'),
(96, 3, 12, 'Tip 6', 'Microsoft Windows 10 Education', 'x64-based PC', 'Intel(R) Core(TM) i5-7400 CPU @ 3.00GHz,2592Mhz', '8.00 GB', 'Intel (R) UHD Graphics 630', '-Adobe Master Collection CC 2017\r\n\r\n-CorelDRAW X5\r\n\r\n-Acronis True Image 2018\r\n\r\n-AutoCAD 2007\r\n\r\n-AutoCAD 2019\r\n\r\n-Delphi 7\r\n\r\n-Lazarus\r\n\r\n-Mastercam X5\r\n\r\n-Proteus 8 Professional\r\n\r\n-Excel 2016\r\n\r\n-Word 2016\r\n\r\n-Access 2016\r\n\r\n-CodeBlocks\r\n\r\n-Visual Studio 2022\r\n\r\n-SolidWorks 2016\r\n\r\n-SolidWorks 2011\r\n\r\n-Electronics Workbench\r\n\r\n-Arduino\r\n\r\n-VS Code\r\n\r\n-3ds Max\r\n\r\n\r\n\r\n\r\n\r\n\r\n\r\n', 'Çalışıyor'),
(97, 3, 13, 'Tip 6', 'Microsoft Windows 10 Education', 'x64-based PC', 'Intel(R) Core(TM) i5-7400 CPU @ 3.00GHz,2592Mhz', '8.00 GB', 'Intel (R) UHD Graphics 630', '-Adobe Master Collection CC 2017\r\n\r\n-CorelDRAW X5\r\n\r\n-Acronis True Image 2018\r\n\r\n-AutoCAD 2007\r\n\r\n-AutoCAD 2019\r\n\r\n-Delphi 7\r\n\r\n-Lazarus\r\n\r\n-Mastercam X5\r\n\r\n-Proteus 8 Professional\r\n\r\n-Excel 2016\r\n\r\n-Word 2016\r\n\r\n-Access 2016\r\n\r\n-CodeBlocks\r\n\r\n-Visual Studio 2022\r\n\r\n-SolidWorks 2016\r\n\r\n-SolidWorks 2011\r\n\r\n-Electronics Workbench\r\n\r\n-Arduino\r\n\r\n-VS Code\r\n\r\n-3ds Max\r\n\r\n\r\n\r\n\r\n\r\n\r\n\r\n', 'Çalışıyor'),
(98, 3, 14, 'Tip 6', 'Microsoft Windows 10 Education', 'x64-based PC', 'Intel(R) Core(TM) i5-7400 CPU @ 3.00GHz,2592Mhz', '8.00 GB', 'Intel (R) UHD Graphics 630', '-Adobe Master Collection CC 2017\r\n\r\n-CorelDRAW X5\r\n\r\n-Acronis True Image 2018\r\n\r\n-AutoCAD 2007\r\n\r\n-AutoCAD 2019\r\n\r\n-Delphi 7\r\n\r\n-Lazarus\r\n\r\n-Mastercam X5\r\n\r\n-Proteus 8 Professional\r\n\r\n-Excel 2016\r\n\r\n-Word 2016\r\n\r\n-Access 2016\r\n\r\n-CodeBlocks\r\n\r\n-Visual Studio 2022\r\n\r\n-SolidWorks 2016\r\n\r\n-SolidWorks 2011\r\n\r\n-Electronics Workbench\r\n\r\n-Arduino\r\n\r\n-VS Code\r\n\r\n-3ds Max\r\n\r\n\r\n\r\n\r\n\r\n\r\n\r\n', 'Çalışıyor'),
(99, 3, 15, 'Tip 6', 'Microsoft Windows 10 Education', 'x64-based PC', 'Intel(R) Core(TM) i5-7400 CPU @ 3.00GHz,2592Mhz', '8.00 GB', 'Intel (R) UHD Graphics 630', '-Adobe Master Collection CC 2017\r\n\r\n-CorelDRAW X5\r\n\r\n-Acronis True Image 2018\r\n\r\n-AutoCAD 2007\r\n\r\n-AutoCAD 2019\r\n\r\n-Delphi 7\r\n\r\n-Lazarus\r\n\r\n-Mastercam X5\r\n\r\n-Proteus 8 Professional\r\n\r\n-Excel 2016\r\n\r\n-Word 2016\r\n\r\n-Access 2016\r\n\r\n-CodeBlocks\r\n\r\n-Visual Studio 2022\r\n\r\n-SolidWorks 2016\r\n\r\n-SolidWorks 2011\r\n\r\n-Electronics Workbench\r\n\r\n-Arduino\r\n\r\n-VS Code\r\n\r\n-3ds Max\r\n\r\n\r\n\r\n\r\n\r\n\r\n\r\n', 'Çalışıyor'),
(100, 3, 16, 'Tip 6', 'Microsoft Windows 10 Education', 'x64-based PC', 'Intel(R) Core(TM) i5-7400 CPU @ 3.00GHz,2592Mhz', '8.00 GB', 'Intel (R) UHD Graphics 630', '-Adobe Master Collection CC 2017\r\n\r\n-CorelDRAW X5\r\n\r\n-Acronis True Image 2018\r\n\r\n-AutoCAD 2007\r\n\r\n-AutoCAD 2019\r\n\r\n-Delphi 7\r\n\r\n-Lazarus\r\n\r\n-Mastercam X5\r\n\r\n-Proteus 8 Professional\r\n\r\n-Excel 2016\r\n\r\n-Word 2016\r\n\r\n-Access 2016\r\n\r\n-CodeBlocks\r\n\r\n-Visual Studio 2022\r\n\r\n-SolidWorks 2016\r\n\r\n-SolidWorks 2011\r\n\r\n-Electronics Workbench\r\n\r\n-Arduino\r\n\r\n-VS Code\r\n\r\n-3ds Max\r\n\r\n\r\n\r\n\r\n\r\n\r\n\r\n', 'Çalışıyor'),
(101, 3, 17, 'Tip 6', 'Microsoft Windows 10 Education', 'x64-based PC', 'Intel(R) Core(TM) i5-7400 CPU @ 3.00GHz,2592Mhz', '8.00 GB', 'Intel (R) UHD Graphics 630', '-Adobe Master Collection CC 2017\r\n\r\n-CorelDRAW X5\r\n\r\n-Acronis True Image 2018\r\n\r\n-AutoCAD 2007\r\n\r\n-AutoCAD 2019\r\n\r\n-Delphi 7\r\n\r\n-Lazarus\r\n\r\n-Mastercam X5\r\n\r\n-Proteus 8 Professional\r\n\r\n-Excel 2016\r\n\r\n-Word 2016\r\n\r\n-Access 2016\r\n\r\n-CodeBlocks\r\n\r\n-Visual Studio 2022\r\n\r\n-SolidWorks 2016\r\n\r\n-SolidWorks 2011\r\n\r\n-Electronics Workbench\r\n\r\n-Arduino\r\n\r\n-VS Code\r\n\r\n-3ds Max\r\n\r\n\r\n\r\n\r\n\r\n\r\n\r\n', 'Çalışıyor'),
(102, 3, 18, 'Tip 6', 'Microsoft Windows 10 Education', 'x64-based PC', 'Intel(R) Core(TM) i5-7400 CPU @ 3.00GHz,2592Mhz', '8.00 GB', 'Intel (R) UHD Graphics 630', '-Adobe Master Collection CC 2017\r\n\r\n-CorelDRAW X5\r\n\r\n-Acronis True Image 2018\r\n\r\n-AutoCAD 2007\r\n\r\n-AutoCAD 2019\r\n\r\n-Delphi 7\r\n\r\n-Lazarus\r\n\r\n-Mastercam X5\r\n\r\n-Proteus 8 Professional\r\n\r\n-Excel 2016\r\n\r\n-Word 2016\r\n\r\n-Access 2016\r\n\r\n-CodeBlocks\r\n\r\n-Visual Studio 2022\r\n\r\n-SolidWorks 2016\r\n\r\n-SolidWorks 2011\r\n\r\n-Electronics Workbench\r\n\r\n-Arduino\r\n\r\n-VS Code\r\n\r\n-3ds Max\r\n\r\n\r\n\r\n\r\n\r\n\r\n\r\n', 'Çalışıyor'),
(103, 3, 19, 'Tip 6', 'Microsoft Windows 10 Education', 'x64-based PC', 'Intel(R) Core(TM) i5-7400 CPU @ 3.00GHz,2592Mhz', '8.00 GB', 'Intel (R) UHD Graphics 630', '-Adobe Master Collection CC 2017\r\n\r\n-CorelDRAW X5\r\n\r\n-Acronis True Image 2018\r\n\r\n-AutoCAD 2007\r\n\r\n-AutoCAD 2019\r\n\r\n-Delphi 7\r\n\r\n-Lazarus\r\n\r\n-Mastercam X5\r\n\r\n-Proteus 8 Professional\r\n\r\n-Excel 2016\r\n\r\n-Word 2016\r\n\r\n-Access 2016\r\n\r\n-CodeBlocks\r\n\r\n-Visual Studio 2022\r\n\r\n-SolidWorks 2016\r\n\r\n-SolidWorks 2011\r\n\r\n-Electronics Workbench\r\n\r\n-Arduino\r\n\r\n-VS Code\r\n\r\n-3ds Max\r\n\r\n\r\n\r\n\r\n\r\n\r\n\r\n', 'Çalışıyor'),
(104, 3, 20, 'Tip 6', 'Microsoft Windows 10 Education', 'x64-based PC', 'Intel(R) Core(TM) i5-7400 CPU @ 3.00GHz,2592Mhz', '8.00 GB', 'Intel (R) UHD Graphics 630', '-Adobe Master Collection CC 2017\r\n\r\n-CorelDRAW X5\r\n\r\n-Acronis True Image 2018\r\n\r\n-AutoCAD 2007\r\n\r\n-AutoCAD 2019\r\n\r\n-Delphi 7\r\n\r\n-Lazarus\r\n\r\n-Mastercam X5\r\n\r\n-Proteus 8 Professional\r\n\r\n-Excel 2016\r\n\r\n-Word 2016\r\n\r\n-Access 2016\r\n\r\n-CodeBlocks\r\n\r\n-Visual Studio 2022\r\n\r\n-SolidWorks 2016\r\n\r\n-SolidWorks 2011\r\n\r\n-Electronics Workbench\r\n\r\n-Arduino\r\n\r\n-VS Code\r\n\r\n-3ds Max\r\n\r\n\r\n\r\n\r\n\r\n\r\n\r\n', 'Çalışıyor'),
(105, 3, 21, 'Tip 6', 'Microsoft Windows 10 Education', 'x64-based PC', 'Intel(R) Core(TM) i5-7400 CPU @ 3.00GHz,2592Mhz', '8.00 GB', 'Intel (R) UHD Graphics 630', '-Adobe Master Collection CC 2017\r\n\r\n-CorelDRAW X5\r\n\r\n-Acronis True Image 2018\r\n\r\n-AutoCAD 2007\r\n\r\n-AutoCAD 2019\r\n\r\n-Delphi 7\r\n\r\n-Lazarus\r\n\r\n-Mastercam X5\r\n\r\n-Proteus 8 Professional\r\n\r\n-Excel 2016\r\n\r\n-Word 2016\r\n\r\n-Access 2016\r\n\r\n-CodeBlocks\r\n\r\n-Visual Studio 2022\r\n\r\n-SolidWorks 2016\r\n\r\n-SolidWorks 2011\r\n\r\n-Electronics Workbench\r\n\r\n-Arduino\r\n\r\n-VS Code\r\n\r\n-3ds Max\r\n\r\n\r\n\r\n\r\n\r\n\r\n\r\n', 'Çalışıyor'),
(106, 3, 22, 'Tip 6', 'Microsoft Windows 10 Education', 'x64-based PC', 'Intel(R) Core(TM) i5-7400 CPU @ 3.00GHz,2592Mhz', '8.00 GB', 'Intel (R) UHD Graphics 630', '-Adobe Master Collection CC 2017\r\n\r\n-CorelDRAW X5\r\n\r\n-Acronis True Image 2018\r\n\r\n-AutoCAD 2007\r\n\r\n-AutoCAD 2019\r\n\r\n-Delphi 7\r\n\r\n-Lazarus\r\n\r\n-Mastercam X5\r\n\r\n-Proteus 8 Professional\r\n\r\n-Excel 2016\r\n\r\n-Word 2016\r\n\r\n-Access 2016\r\n\r\n-CodeBlocks\r\n\r\n-Visual Studio 2022\r\n\r\n-SolidWorks 2016\r\n\r\n-SolidWorks 2011\r\n\r\n-Electronics Workbench\r\n\r\n-Arduino\r\n\r\n-VS Code\r\n\r\n-3ds Max\r\n\r\n\r\n\r\n\r\n\r\n\r\n\r\n', 'Çalışıyor'),
(107, 3, 23, 'Tip 6', 'Microsoft Windows 10 Education', 'x64-based PC', 'Intel(R) Core(TM) i5-7400 CPU @ 3.00GHz,2592Mhz', '8.00 GB', 'Intel (R) UHD Graphics 630', '-Adobe Master Collection CC 2017\r\n\r\n-CorelDRAW X5\r\n\r\n-Acronis True Image 2018\r\n\r\n-AutoCAD 2007\r\n\r\n-AutoCAD 2019\r\n\r\n-Delphi 7\r\n\r\n-Lazarus\r\n\r\n-Mastercam X5\r\n\r\n-Proteus 8 Professional\r\n\r\n-Excel 2016\r\n\r\n-Word 2016\r\n\r\n-Access 2016\r\n\r\n-CodeBlocks\r\n\r\n-Visual Studio 2022\r\n\r\n-SolidWorks 2016\r\n\r\n-SolidWorks 2011\r\n\r\n-Electronics Workbench\r\n\r\n-Arduino\r\n\r\n-VS Code\r\n\r\n-3ds Max\r\n\r\n\r\n\r\n\r\n\r\n\r\n\r\n', 'Çalışıyor'),
(108, 3, 24, 'Tip 6', 'Microsoft Windows 10 Education', 'x64-based PC', 'Intel(R) Core(TM) i5-7400 CPU @ 3.00GHz,2592Mhz', '8.00 GB', 'Intel (R) UHD Graphics 630', '-Adobe Master Collection CC 2017\r\n\r\n-CorelDRAW X5\r\n\r\n-Acronis True Image 2018\r\n\r\n-AutoCAD 2007\r\n\r\n-AutoCAD 2019\r\n\r\n-Delphi 7\r\n\r\n-Lazarus\r\n\r\n-Mastercam X5\r\n\r\n-Proteus 8 Professional\r\n\r\n-Excel 2016\r\n\r\n-Word 2016\r\n\r\n-Access 2016\r\n\r\n-CodeBlocks\r\n\r\n-Visual Studio 2022\r\n\r\n-SolidWorks 2016\r\n\r\n-SolidWorks 2011\r\n\r\n-Electronics Workbench\r\n\r\n-Arduino\r\n\r\n-VS Code\r\n\r\n-3ds Max\r\n\r\n\r\n\r\n\r\n\r\n\r\n\r\n', 'Çalışıyor'),
(109, 3, 25, 'Tip 6', 'Microsoft Windows 10 Education', 'x64-based PC', 'Intel(R) Core(TM) i5-7400 CPU @ 3.00GHz,2592Mhz', '8.00 GB', 'Intel (R) UHD Graphics 630', '-Adobe Master Collection CC 2017\r\n\r\n-CorelDRAW X5\r\n\r\n-Acronis True Image 2018\r\n\r\n-AutoCAD 2007\r\n\r\n-AutoCAD 2019\r\n\r\n-Delphi 7\r\n\r\n-Lazarus\r\n\r\n-Mastercam X5\r\n\r\n-Proteus 8 Professional\r\n\r\n-Excel 2016\r\n\r\n-Word 2016\r\n\r\n-Access 2016\r\n\r\n-CodeBlocks\r\n\r\n-Visual Studio 2022\r\n\r\n-SolidWorks 2016\r\n\r\n-SolidWorks 2011\r\n\r\n-Electronics Workbench\r\n\r\n-Arduino\r\n\r\n-VS Code\r\n\r\n-3ds Max\r\n\r\n\r\n\r\n\r\n\r\n\r\n\r\n', 'Çalışıyor'),
(110, 3, 26, 'Tip 6', 'Microsoft Windows 10 Education', 'x64-based PC', 'Intel(R) Core(TM) i5-7400 CPU @ 3.00GHz,2592Mhz', '8.00 GB', 'Intel (R) UHD Graphics 630', '-Adobe Master Collection CC 2017\r\n\r\n-CorelDRAW X5\r\n\r\n-Acronis True Image 2018\r\n\r\n-AutoCAD 2007\r\n\r\n-AutoCAD 2019\r\n\r\n-Delphi 7\r\n\r\n-Lazarus\r\n\r\n-Mastercam X5\r\n\r\n-Proteus 8 Professional\r\n\r\n-Excel 2016\r\n\r\n-Word 2016\r\n\r\n-Access 2016\r\n\r\n-CodeBlocks\r\n\r\n-Visual Studio 2022\r\n\r\n-SolidWorks 2016\r\n\r\n-SolidWorks 2011\r\n\r\n-Electronics Workbench\r\n\r\n-Arduino\r\n\r\n-VS Code\r\n\r\n-3ds Max\r\n\r\n\r\n\r\n\r\n\r\n\r\n\r\n', 'Çalışıyor'),
(111, 3, 27, 'Tip 6', 'Microsoft Windows 10 Education', 'x64-based PC', 'Intel(R) Core(TM) i5-7400 CPU @ 3.00GHz,2592Mhz', '8.00 GB', 'Intel (R) UHD Graphics 630', '-Adobe Master Collection CC 2017\r\n\r\n-CorelDRAW X5\r\n\r\n-Acronis True Image 2018\r\n\r\n-AutoCAD 2007\r\n\r\n-AutoCAD 2019\r\n\r\n-Delphi 7\r\n\r\n-Lazarus\r\n\r\n-Mastercam X5\r\n\r\n-Proteus 8 Professional\r\n\r\n-Excel 2016\r\n\r\n-Word 2016\r\n\r\n-Access 2016\r\n\r\n-CodeBlocks\r\n\r\n-Visual Studio 2022\r\n\r\n-SolidWorks 2016\r\n\r\n-SolidWorks 2011\r\n\r\n-Electronics Workbench\r\n\r\n-Arduino\r\n\r\n-VS Code\r\n\r\n-3ds Max\r\n\r\n\r\n\r\n\r\n\r\n\r\n\r\n', 'Çalışıyor'),
(112, 3, 28, 'Tip 6', 'Microsoft Windows 10 Education', 'x64-based PC', 'Intel(R) Core(TM) i5-7400 CPU @ 3.00GHz,2592Mhz', '8.00 GB', 'Intel (R) UHD Graphics 630', '-Adobe Master Collection CC 2017\r\n\r\n-CorelDRAW X5\r\n\r\n-Acronis True Image 2018\r\n\r\n-AutoCAD 2007\r\n\r\n-AutoCAD 2019\r\n\r\n-Delphi 7\r\n\r\n-Lazarus\r\n\r\n-Mastercam X5\r\n\r\n-Proteus 8 Professional\r\n\r\n-Excel 2016\r\n\r\n-Word 2016\r\n\r\n-Access 2016\r\n\r\n-CodeBlocks\r\n\r\n-Visual Studio 2022\r\n\r\n-SolidWorks 2016\r\n\r\n-SolidWorks 2011\r\n\r\n-Electronics Workbench\r\n\r\n-Arduino\r\n\r\n-VS Code\r\n\r\n-3ds Max\r\n\r\n\r\n\r\n\r\n\r\n\r\n\r\n', 'Çalışıyor'),
(113, 3, 29, 'Tip 6', 'Microsoft Windows 10 Education', 'x64-based PC', 'Intel(R) Core(TM) i5-7400 CPU @ 3.00GHz,2592Mhz', '8.00 GB', 'Intel (R) UHD Graphics 630', '-Adobe Master Collection CC 2017\r\n\r\n-CorelDRAW X5\r\n\r\n-Acronis True Image 2018\r\n\r\n-AutoCAD 2007\r\n\r\n-AutoCAD 2019\r\n\r\n-Delphi 7\r\n\r\n-Lazarus\r\n\r\n-Mastercam X5\r\n\r\n-Proteus 8 Professional\r\n\r\n-Excel 2016\r\n\r\n-Word 2016\r\n\r\n-Access 2016\r\n\r\n-CodeBlocks\r\n\r\n-Visual Studio 2022\r\n\r\n-SolidWorks 2016\r\n\r\n-SolidWorks 2011\r\n\r\n-Electronics Workbench\r\n\r\n-Arduino\r\n\r\n-VS Code\r\n\r\n-3ds Max\r\n\r\n\r\n\r\n\r\n\r\n\r\n\r\n', 'Çalışıyor'),
(114, 3, 30, 'Tip 6', 'Microsoft Windows 10 Education', 'x64-based PC', 'Intel(R) Core(TM) i5-7400 CPU @ 3.00GHz,2592Mhz', '8.00 GB', 'Intel (R) UHD Graphics 630', '-Adobe Master Collection CC 2017\r\n\r\n-CorelDRAW X5\r\n\r\n-Acronis True Image 2018\r\n\r\n-AutoCAD 2007\r\n\r\n-AutoCAD 2019\r\n\r\n-Delphi 7\r\n\r\n-Lazarus\r\n\r\n-Mastercam X5\r\n\r\n-Proteus 8 Professional\r\n\r\n-Excel 2016\r\n\r\n-Word 2016\r\n\r\n-Access 2016\r\n\r\n-CodeBlocks\r\n\r\n-Visual Studio 2022\r\n\r\n-SolidWorks 2016\r\n\r\n-SolidWorks 2011\r\n\r\n-Electronics Workbench\r\n\r\n-Arduino\r\n\r\n-VS Code\r\n\r\n-3ds Max\r\n\r\n\r\n\r\n\r\n\r\n\r\n\r\n', 'Çalışıyor'),
(115, 3, 31, 'Tip 6', 'Microsoft Windows 10 Education', 'x64-based PC', 'Intel(R) Core(TM) i5-7400 CPU @ 3.00GHz,2592Mhz', '8.00 GB', 'Intel (R) UHD Graphics 630', '-Adobe Master Collection CC 2017\r\n\r\n-CorelDRAW X5\r\n\r\n-Acronis True Image 2018\r\n\r\n-AutoCAD 2007\r\n\r\n-AutoCAD 2019\r\n\r\n-Delphi 7\r\n\r\n-Lazarus\r\n\r\n-Mastercam X5\r\n\r\n-Proteus 8 Professional\r\n\r\n-Excel 2016\r\n\r\n-Word 2016\r\n\r\n-Access 2016\r\n\r\n-CodeBlocks\r\n\r\n-Visual Studio 2022\r\n\r\n-SolidWorks 2016\r\n\r\n-SolidWorks 2011\r\n\r\n-Electronics Workbench\r\n\r\n-Arduino\r\n\r\n-VS Code\r\n\r\n-3ds Max\r\n\r\n\r\n\r\n\r\n\r\n\r\n\r\n', 'Çalışıyor'),
(116, 3, 32, 'Tip 6', 'Microsoft Windows 10 Education', 'x64-based PC', 'Intel(R) Core(TM) i5-7400 CPU @ 3.00GHz,2592Mhz', '8.00 GB', 'Intel (R) UHD Graphics 630', '-Adobe Master Collection CC 2017\r\n\r\n-CorelDRAW X5\r\n\r\n-Acronis True Image 2018\r\n\r\n-AutoCAD 2007\r\n\r\n-AutoCAD 2019\r\n\r\n-Delphi 7\r\n\r\n-Lazarus\r\n\r\n-Mastercam X5\r\n\r\n-Proteus 8 Professional\r\n\r\n-Excel 2016\r\n\r\n-Word 2016\r\n\r\n-Access 2016\r\n\r\n-CodeBlocks\r\n\r\n-Visual Studio 2022\r\n\r\n-SolidWorks 2016\r\n\r\n-SolidWorks 2011\r\n\r\n-Electronics Workbench\r\n\r\n-Arduino\r\n\r\n-VS Code\r\n\r\n-3ds Max\r\n\r\n\r\n\r\n\r\n\r\n\r\n\r\n', 'Çalışıyor'),
(117, 3, 33, 'Tip 6', 'Microsoft Windows 10 Education', 'x64-based PC', 'Intel(R) Core(TM) i5-7400 CPU @ 3.00GHz,2592Mhz', '8.00 GB', 'Intel (R) UHD Graphics 630', '-Adobe Master Collection CC 2017\r\n\r\n-CorelDRAW X5\r\n\r\n-Acronis True Image 2018\r\n\r\n-AutoCAD 2007\r\n\r\n-AutoCAD 2019\r\n\r\n-Delphi 7\r\n\r\n-Lazarus\r\n\r\n-Mastercam X5\r\n\r\n-Proteus 8 Professional\r\n\r\n-Excel 2016\r\n\r\n-Word 2016\r\n\r\n-Access 2016\r\n\r\n-CodeBlocks\r\n\r\n-Visual Studio 2022\r\n\r\n-SolidWorks 2016\r\n\r\n-SolidWorks 2011\r\n\r\n-Electronics Workbench\r\n\r\n-Arduino\r\n\r\n-VS Code\r\n\r\n-3ds Max\r\n\r\n\r\n\r\n\r\n\r\n\r\n\r\n', 'Çalışıyor'),
(118, 3, 34, 'Tip 6', 'Microsoft Windows 10 Education', 'x64-based PC', 'Intel(R) Core(TM) i5-7400 CPU @ 3.00GHz,2592Mhz', '8.00 GB', 'Intel (R) UHD Graphics 630', '-Adobe Master Collection CC 2017\r\n\r\n-CorelDRAW X5\r\n\r\n-Acronis True Image 2018\r\n\r\n-AutoCAD 2007\r\n\r\n-AutoCAD 2019\r\n\r\n-Delphi 7\r\n\r\n-Lazarus\r\n\r\n-Mastercam X5\r\n\r\n-Proteus 8 Professional\r\n\r\n-Excel 2016\r\n\r\n-Word 2016\r\n\r\n-Access 2016\r\n\r\n-CodeBlocks\r\n\r\n-Visual Studio 2022\r\n\r\n-SolidWorks 2016\r\n\r\n-SolidWorks 2011\r\n\r\n-Electronics Workbench\r\n\r\n-Arduino\r\n\r\n-VS Code\r\n\r\n-3ds Max\r\n\r\n\r\n\r\n\r\n\r\n\r\n\r\n', 'Çalışıyor'),
(119, 3, 35, 'Tip 6', 'Microsoft Windows 10 Education', 'x64-based PC', 'Intel(R) Core(TM) i5-7400 CPU @ 3.00GHz,2592Mhz', '8.00 GB', 'Intel (R) UHD Graphics 630', '-Adobe Master Collection CC 2017\r\n\r\n-CorelDRAW X5\r\n\r\n-Acronis True Image 2018\r\n\r\n-AutoCAD 2007\r\n\r\n-AutoCAD 2019\r\n\r\n-Delphi 7\r\n\r\n-Lazarus\r\n\r\n-Mastercam X5\r\n\r\n-Proteus 8 Professional\r\n\r\n-Excel 2016\r\n\r\n-Word 2016\r\n\r\n-Access 2016\r\n\r\n-CodeBlocks\r\n\r\n-Visual Studio 2022\r\n\r\n-SolidWorks 2016\r\n\r\n-SolidWorks 2011\r\n\r\n-Electronics Workbench\r\n\r\n-Arduino\r\n\r\n-VS Code\r\n\r\n-3ds Max\r\n\r\n\r\n\r\n\r\n\r\n\r\n\r\n', 'Çalışıyor'),
(120, 3, 36, 'Tip 6', 'Microsoft Windows 10 Education', 'x64-based PC', 'Intel(R) Core(TM) i5-7400 CPU @ 3.00GHz,2592Mhz', '8.00 GB', 'Intel (R) UHD Graphics 630', '-Adobe Master Collection CC 2017\r\n\r\n-CorelDRAW X5\r\n\r\n-Acronis True Image 2018\r\n\r\n-AutoCAD 2007\r\n\r\n-AutoCAD 2019\r\n\r\n-Delphi 7\r\n\r\n-Lazarus\r\n\r\n-Mastercam X5\r\n\r\n-Proteus 8 Professional\r\n\r\n-Excel 2016\r\n\r\n-Word 2016\r\n\r\n-Access 2016\r\n\r\n-CodeBlocks\r\n\r\n-Visual Studio 2022\r\n\r\n-SolidWorks 2016\r\n\r\n-SolidWorks 2011\r\n\r\n-Electronics Workbench\r\n\r\n-Arduino\r\n\r\n-VS Code\r\n\r\n-3ds Max\r\n\r\n\r\n\r\n\r\n\r\n\r\n\r\n', 'Çalışıyor'),
(121, 3, 37, 'Tip 6', 'Microsoft Windows 10 Education', 'x64-based PC', 'Intel(R) Core(TM) i5-7400 CPU @ 3.00GHz,2592Mhz', '8.00 GB', 'Intel (R) UHD Graphics 630', '-Adobe Master Collection CC 2017\r\n\r\n-CorelDRAW X5\r\n\r\n-Acronis True Image 2018\r\n\r\n-AutoCAD 2007\r\n\r\n-AutoCAD 2019\r\n\r\n-Delphi 7\r\n\r\n-Lazarus\r\n\r\n-Mastercam X5\r\n\r\n-Proteus 8 Professional\r\n\r\n-Excel 2016\r\n\r\n-Word 2016\r\n\r\n-Access 2016\r\n\r\n-CodeBlocks\r\n\r\n-Visual Studio 2022\r\n\r\n-SolidWorks 2016\r\n\r\n-SolidWorks 2011\r\n\r\n-Electronics Workbench\r\n\r\n-Arduino\r\n\r\n-VS Code\r\n\r\n-3ds Max\r\n\r\n\r\n\r\n\r\n\r\n\r\n\r\n', 'Çalışıyor'),
(122, 3, 38, 'Tip 6', 'Microsoft Windows 10 Education', 'x64-based PC', 'Intel(R) Core(TM) i5-7400 CPU @ 3.00GHz,2592Mhz', '8.00 GB', 'Intel (R) UHD Graphics 630', '-Adobe Master Collection CC 2017\r\n\r\n-CorelDRAW X5\r\n\r\n-Acronis True Image 2018\r\n\r\n-AutoCAD 2007\r\n\r\n-AutoCAD 2019\r\n\r\n-Delphi 7\r\n\r\n-Lazarus\r\n\r\n-Mastercam X5\r\n\r\n-Proteus 8 Professional\r\n\r\n-Excel 2016\r\n\r\n-Word 2016\r\n\r\n-Access 2016\r\n\r\n-CodeBlocks\r\n\r\n-Visual Studio 2022\r\n\r\n-SolidWorks 2016\r\n\r\n-SolidWorks 2011\r\n\r\n-Electronics Workbench\r\n\r\n-Arduino\r\n\r\n-VS Code\r\n\r\n-3ds Max\r\n\r\n\r\n\r\n\r\n\r\n\r\n\r\n', 'Çalışıyor'),
(123, 3, 39, 'Tip 6', 'Microsoft Windows 10 Education', 'x64-based PC', 'Intel(R) Core(TM) i5-7400 CPU @ 3.00GHz,2592Mhz', '8.00 GB', 'Intel (R) UHD Graphics 630', '-Adobe Master Collection CC 2017\r\n\r\n-CorelDRAW X5\r\n\r\n-Acronis True Image 2018\r\n\r\n-AutoCAD 2007\r\n\r\n-AutoCAD 2019\r\n\r\n-Delphi 7\r\n\r\n-Lazarus\r\n\r\n-Mastercam X5\r\n\r\n-Proteus 8 Professional\r\n\r\n-Excel 2016\r\n\r\n-Word 2016\r\n\r\n-Access 2016\r\n\r\n-CodeBlocks\r\n\r\n-Visual Studio 2022\r\n\r\n-SolidWorks 2016\r\n\r\n-SolidWorks 2011\r\n\r\n-Electronics Workbench\r\n\r\n-Arduino\r\n\r\n-VS Code\r\n\r\n-3ds Max\r\n\r\n\r\n\r\n\r\n\r\n\r\n\r\n', 'Çalışıyor'),
(124, 3, 40, 'Tip 6', 'Microsoft Windows 10 Education', 'x64-based PC', 'Intel(R) Core(TM) i5-7400 CPU @ 3.00GHz,2592Mhz', '8.00 GB', 'Intel (R) UHD Graphics 630', '-Adobe Master Collection CC 2017\r\n\r\n-CorelDRAW X5\r\n\r\n-Acronis True Image 2018\r\n\r\n-AutoCAD 2007\r\n\r\n-AutoCAD 2019\r\n\r\n-Delphi 7\r\n\r\n-Lazarus\r\n\r\n-Mastercam X5\r\n\r\n-Proteus 8 Professional\r\n\r\n-Excel 2016\r\n\r\n-Word 2016\r\n\r\n-Access 2016\r\n\r\n-CodeBlocks\r\n\r\n-Visual Studio 2022\r\n\r\n-SolidWorks 2016\r\n\r\n-SolidWorks 2011\r\n\r\n-Electronics Workbench\r\n\r\n-Arduino\r\n\r\n-VS Code\r\n\r\n-3ds Max\r\n\r\n\r\n\r\n\r\n\r\n\r\n\r\n', 'Çalışıyor'),
(125, 3, 41, 'Tip 6', 'Microsoft Windows 10 Education', 'x64-based PC', 'Intel(R) Core(TM) i5-7400 CPU @ 3.00GHz,2592Mhz', '8.00 GB', 'Intel (R) UHD Graphics 630', '-Adobe Master Collection CC 2017\r\n\r\n-CorelDRAW X5\r\n\r\n-Acronis True Image 2018\r\n\r\n-AutoCAD 2007\r\n\r\n-AutoCAD 2019\r\n\r\n-Delphi 7\r\n\r\n-Lazarus\r\n\r\n-Mastercam X5\r\n\r\n-Proteus 8 Professional\r\n\r\n-Excel 2016\r\n\r\n-Word 2016\r\n\r\n-Access 2016\r\n\r\n-CodeBlocks\r\n\r\n-Visual Studio 2022\r\n\r\n-SolidWorks 2016\r\n\r\n-SolidWorks 2011\r\n\r\n-Electronics Workbench\r\n\r\n-Arduino\r\n\r\n-VS Code\r\n\r\n-3ds Max\r\n\r\n\r\n\r\n\r\n\r\n\r\n\r\n', 'Çalışıyor'),
(126, 3, 42, 'Tip 6', 'Microsoft Windows 10 Education', 'x64-based PC', 'Intel(R) Core(TM) i5-7400 CPU @ 3.00GHz,2592Mhz', '8.00 GB', 'Intel (R) UHD Graphics 630', '-Adobe Master Collection CC 2017\r\n\r\n-CorelDRAW X5\r\n\r\n-Acronis True Image 2018\r\n\r\n-AutoCAD 2007\r\n\r\n-AutoCAD 2019\r\n\r\n-Delphi 7\r\n\r\n-Lazarus\r\n\r\n-Mastercam X5\r\n\r\n-Proteus 8 Professional\r\n\r\n-Excel 2016\r\n\r\n-Word 2016\r\n\r\n-Access 2016\r\n\r\n-CodeBlocks\r\n\r\n-Visual Studio 2022\r\n\r\n-SolidWorks 2016\r\n\r\n-SolidWorks 2011\r\n\r\n-Electronics Workbench\r\n\r\n-Arduino\r\n\r\n-VS Code\r\n\r\n-3ds Max\r\n\r\n\r\n\r\n\r\n\r\n\r\n\r\n', 'Çalışıyor'),
(127, 2, 1, 'Tip 5', 'Microsoft Windows 10 Education', 'x64-based PC', 'Intel(R) Core(TM) i5-10400 CPU @ 2.90GHz,2904Mhz', '8.00 GB', 'Intel (R) UHD Graphics 630', '-Adobe Master Collection CC 2017\r\n\r\n-CorelDRAW X5\r\n\r\n-Acronis True Image 2018\r\n\r\n-AutoCAD 2007\r\n\r\n-AutoCAD 2019\r\n\r\n-Delphi 7\r\n\r\n-Lazarus\r\n\r\n-Mastercam X5\r\n\r\n-Proteus 8 Professional\r\n\r\n-Excel 2016\r\n\r\n-Word 2016\r\n\r\n-Access 2016\r\n\r\n-CodeBlocks\r\n\r\n-Visual Studio 2022\r\n\r\n-SolidWorks 2016\r\n\r\n-SolidWorks 2011\r\n\r\n-Electronics Workbench\r\n\r\n\r\n\r\n\r\n\r\n\r\n\r\n', 'Çalışıyor'),
(128, 2, 2, 'Tip 4', 'Microsoft Windows 10 Education', 'x64-based PC', 'Intel(R) Core(TM) i5-11400 CPU @ 2.60GHz,2592Mhz', '8.00 GB', 'Intel (R) UHD Graphics 730', '-Adobe Master Collection CC 2017\r\n\r\n-CorelDRAW X5\r\n\r\n-Acronis True Image 2018\r\n\r\n-AutoCAD 2007\r\n\r\n-AutoCAD 2019\r\n\r\n-Delphi 7\r\n\r\n-Lazarus\r\n\r\n-Mastercam X5\r\n\r\n-Proteus 8 Professional\r\n\r\n-Excel 2016\r\n\r\n-Word 2016\r\n\r\n-Access 2016\r\n\r\n-CodeBlocks\r\n\r\n-Visual Studio 2022\r\n\r\n-SolidWorks 2016\r\n\r\n-SolidWorks 2011\r\n\r\n-Electronics Workbench\r\n\r\n\r\n\r\n\r\n\r\n\r\n\r\n', 'Çalışıyor'),
(129, 2, 3, 'Tip 4', 'Microsoft Windows 10 Education', 'x64-based PC', 'Intel(R) Core(TM) i5-11400 CPU @ 2.60GHz,2592Mhz', '8.00 GB', 'Intel (R) UHD Graphics 730', '-Adobe Master Collection CC 2017\r\n\r\n-CorelDRAW X5\r\n\r\n-Acronis True Image 2018\r\n\r\n-AutoCAD 2007\r\n\r\n-AutoCAD 2019\r\n\r\n-Delphi 7\r\n\r\n-Lazarus\r\n\r\n-Mastercam X5\r\n\r\n-Proteus 8 Professional\r\n\r\n-Excel 2016\r\n\r\n-Word 2016\r\n\r\n-Access 2016\r\n\r\n-CodeBlocks\r\n\r\n-Visual Studio 2022\r\n\r\n-SolidWorks 2016\r\n\r\n-SolidWorks 2011\r\n\r\n-Electronics Workbench\r\n\r\n\r\n\r\n\r\n\r\n\r\n\r\n', 'Çalışıyor'),
(130, 2, 4, 'Tip 4', 'Microsoft Windows 10 Education', 'x64-based PC', 'Intel(R) Core(TM) i5-11400 CPU @ 2.60GHz,2592Mhz', '8.00 GB', 'Intel (R) UHD Graphics 730', '-Adobe Master Collection CC 2017\r\n\r\n-CorelDRAW X5\r\n\r\n-Acronis True Image 2018\r\n\r\n-AutoCAD 2007\r\n\r\n-AutoCAD 2019\r\n\r\n-Delphi 7\r\n\r\n-Lazarus\r\n\r\n-Mastercam X5\r\n\r\n-Proteus 8 Professional\r\n\r\n-Excel 2016\r\n\r\n-Word 2016\r\n\r\n-Access 2016\r\n\r\n-CodeBlocks\r\n\r\n-Visual Studio 2022\r\n\r\n-SolidWorks 2016\r\n\r\n-SolidWorks 2011\r\n\r\n-Electronics Workbench\r\n\r\n\r\n\r\n\r\n\r\n\r\n\r\n', 'Çalışıyor'),
(131, 2, 5, 'Tip 4', 'Microsoft Windows 10 Education', 'x64-based PC', 'Intel(R) Core(TM) i5-11400 CPU @ 2.60GHz,2592Mhz', '8.00 GB', 'Intel (R) UHD Graphics 730', '-Adobe Master Collection CC 2017\r\n\r\n-CorelDRAW X5\r\n\r\n-Acronis True Image 2018\r\n\r\n-AutoCAD 2007\r\n\r\n-AutoCAD 2019\r\n\r\n-Delphi 7\r\n\r\n-Lazarus\r\n\r\n-Mastercam X5\r\n\r\n-Proteus 8 Professional\r\n\r\n-Excel 2016\r\n\r\n-Word 2016\r\n\r\n-Access 2016\r\n\r\n-CodeBlocks\r\n\r\n-Visual Studio 2022\r\n\r\n-SolidWorks 2016\r\n\r\n-SolidWorks 2011\r\n\r\n-Electronics Workbench\r\n\r\n\r\n\r\n\r\n\r\n\r\n\r\n', 'Çalışıyor'),
(132, 2, 6, 'Tip 4', 'Microsoft Windows 10 Education', 'x64-based PC', 'Intel(R) Core(TM) i5-11400 CPU @ 2.60GHz,2592Mhz', '8.00 GB', 'Intel (R) UHD Graphics 730', '-Adobe Master Collection CC 2017\r\n\r\n-CorelDRAW X5\r\n\r\n-Acronis True Image 2018\r\n\r\n-AutoCAD 2007\r\n\r\n-AutoCAD 2019\r\n\r\n-Delphi 7\r\n\r\n-Lazarus\r\n\r\n-Mastercam X5\r\n\r\n-Proteus 8 Professional\r\n\r\n-Excel 2016\r\n\r\n-Word 2016\r\n\r\n-Access 2016\r\n\r\n-CodeBlocks\r\n\r\n-Visual Studio 2022\r\n\r\n-SolidWorks 2016\r\n\r\n-SolidWorks 2011\r\n\r\n-Electronics Workbench\r\n\r\n\r\n\r\n\r\n\r\n\r\n\r\n', 'Çalışıyor'),
(133, 2, 7, 'Tip 4', 'Microsoft Windows 10 Education', 'x64-based PC', 'Intel(R) Core(TM) i5-11400 CPU @ 2.60GHz,2592Mhz', '8.00 GB', 'Intel (R) UHD Graphics 730', '-Adobe Master Collection CC 2017\r\n\r\n-CorelDRAW X5\r\n\r\n-Acronis True Image 2018\r\n\r\n-AutoCAD 2007\r\n\r\n-AutoCAD 2019\r\n\r\n-Delphi 7\r\n\r\n-Lazarus\r\n\r\n-Mastercam X5\r\n\r\n-Proteus 8 Professional\r\n\r\n-Excel 2016\r\n\r\n-Word 2016\r\n\r\n-Access 2016\r\n\r\n-CodeBlocks\r\n\r\n-Visual Studio 2022\r\n\r\n-SolidWorks 2016\r\n\r\n-SolidWorks 2011\r\n\r\n-Electronics Workbench\r\n\r\n\r\n\r\n\r\n\r\n\r\n\r\n', 'Çalışıyor'),
(134, 2, 8, 'Tip 5', 'Microsoft Windows 10 Education', 'x64-based PC', 'Intel(R) Core(TM) i5-10400 CPU @ 2.90GHz,2904Mhz', '8.00 GB', 'Intel (R) UHD Graphics 630', '-Adobe Master Collection CC 2017\r\n\r\n-CorelDRAW X5\r\n\r\n-Acronis True Image 2018\r\n\r\n-AutoCAD 2007\r\n\r\n-AutoCAD 2019\r\n\r\n-Delphi 7\r\n\r\n-Lazarus\r\n\r\n-Mastercam X5\r\n\r\n-Proteus 8 Professional\r\n\r\n-Excel 2016\r\n\r\n-Word 2016\r\n\r\n-Access 2016\r\n\r\n-CodeBlocks\r\n\r\n-Visual Studio 2022\r\n\r\n-SolidWorks 2016\r\n\r\n-SolidWorks 2011\r\n\r\n-Electronics Workbench\r\n\r\n\r\n\r\n\r\n\r\n\r\n\r\n', 'Çalışıyor'),
(135, 2, 9, 'Tip 4', 'Microsoft Windows 10 Education', 'x64-based PC', 'Intel(R) Core(TM) i5-11400 CPU @ 2.60GHz,2592Mhz', '8.00 GB', 'Intel (R) UHD Graphics 730', '-Adobe Master Collection CC 2017\r\n\r\n-CorelDRAW X5\r\n\r\n-Acronis True Image 2018\r\n\r\n-AutoCAD 2007\r\n\r\n-AutoCAD 2019\r\n\r\n-Delphi 7\r\n\r\n-Lazarus\r\n\r\n-Mastercam X5\r\n\r\n-Proteus 8 Professional\r\n\r\n-Excel 2016\r\n\r\n-Word 2016\r\n\r\n-Access 2016\r\n\r\n-CodeBlocks\r\n\r\n-Visual Studio 2022\r\n\r\n-SolidWorks 2016\r\n\r\n-SolidWorks 2011\r\n\r\n-Electronics Workbench\r\n\r\n\r\n\r\n\r\n\r\n\r\n\r\n', 'Çalışıyor'),
(136, 2, 10, 'Tip 4', 'Microsoft Windows 10 Education', 'x64-based PC', 'Intel(R) Core(TM) i5-11400 CPU @ 2.60GHz,2592Mhz', '8.00 GB', 'Intel (R) UHD Graphics 730', '-Adobe Master Collection CC 2017\r\n\r\n-CorelDRAW X5\r\n\r\n-Acronis True Image 2018\r\n\r\n-AutoCAD 2007\r\n\r\n-AutoCAD 2019\r\n\r\n-Delphi 7\r\n\r\n-Lazarus\r\n\r\n-Mastercam X5\r\n\r\n-Proteus 8 Professional\r\n\r\n-Excel 2016\r\n\r\n-Word 2016\r\n\r\n-Access 2016\r\n\r\n-CodeBlocks\r\n\r\n-Visual Studio 2022\r\n\r\n-SolidWorks 2016\r\n\r\n-SolidWorks 2011\r\n\r\n-Electronics Workbench\r\n\r\n\r\n\r\n\r\n\r\n\r\n\r\n', 'Çalışıyor'),
(137, 2, 11, 'Tip 4', 'Microsoft Windows 10 Education', 'x64-based PC', 'Intel(R) Core(TM) i5-11400 CPU @ 2.60GHz,2592Mhz', '8.00 GB', 'Intel (R) UHD Graphics 730', '-Adobe Master Collection CC 2017\r\n\r\n-CorelDRAW X5\r\n\r\n-Acronis True Image 2018\r\n\r\n-AutoCAD 2007\r\n\r\n-AutoCAD 2019\r\n\r\n-Delphi 7\r\n\r\n-Lazarus\r\n\r\n-Mastercam X5\r\n\r\n-Proteus 8 Professional\r\n\r\n-Excel 2016\r\n\r\n-Word 2016\r\n\r\n-Access 2016\r\n\r\n-CodeBlocks\r\n\r\n-Visual Studio 2022\r\n\r\n-SolidWorks 2016\r\n\r\n-SolidWorks 2011\r\n\r\n-Electronics Workbench\r\n\r\n\r\n\r\n\r\n\r\n\r\n\r\n', 'Çalışıyor'),
(138, 2, 12, 'Tip 5', 'Microsoft Windows 10 Education', 'x64-based PC', 'Intel(R) Core(TM) i5-10400 CPU @ 2.90GHz,2904Mhz', '8.00 GB', 'Intel (R) UHD Graphics 630', '-Adobe Master Collection CC 2017\r\n\r\n-CorelDRAW X5\r\n\r\n-Acronis True Image 2018\r\n\r\n-AutoCAD 2007\r\n\r\n-AutoCAD 2019\r\n\r\n-Delphi 7\r\n\r\n-Lazarus\r\n\r\n-Mastercam X5\r\n\r\n-Proteus 8 Professional\r\n\r\n-Excel 2016\r\n\r\n-Word 2016\r\n\r\n-Access 2016\r\n\r\n-CodeBlocks\r\n\r\n-Visual Studio 2022\r\n\r\n-SolidWorks 2016\r\n\r\n-SolidWorks 2011\r\n\r\n-Electronics Workbench\r\n\r\n\r\n\r\n\r\n\r\n\r\n\r\n', 'Çalışıyor'),
(139, 2, 13, 'Tip 5', 'Microsoft Windows 10 Education', 'x64-based PC', 'Intel(R) Core(TM) i5-10400 CPU @ 2.90GHz,2904Mhz', '8.00 GB', 'Intel (R) UHD Graphics 630', '-Adobe Master Collection CC 2017\r\n\r\n-CorelDRAW X5\r\n\r\n-Acronis True Image 2018\r\n\r\n-AutoCAD 2007\r\n\r\n-AutoCAD 2019\r\n\r\n-Delphi 7\r\n\r\n-Lazarus\r\n\r\n-Mastercam X5\r\n\r\n-Proteus 8 Professional\r\n\r\n-Excel 2016\r\n\r\n-Word 2016\r\n\r\n-Access 2016\r\n\r\n-CodeBlocks\r\n\r\n-Visual Studio 2022\r\n\r\n-SolidWorks 2016\r\n\r\n-SolidWorks 2011\r\n\r\n-Electronics Workbench\r\n\r\n\r\n\r\n\r\n\r\n\r\n\r\n', 'Çalışıyor'),
(140, 2, 14, 'Tip 4', 'Microsoft Windows 10 Education', 'x64-based PC', 'Intel(R) Core(TM) i5-11400 CPU @ 2.60GHz,2592Mhz', '8.00 GB', 'Intel (R) UHD Graphics 730', '-Adobe Master Collection CC 2017\r\n\r\n-CorelDRAW X5\r\n\r\n-Acronis True Image 2018\r\n\r\n-AutoCAD 2007\r\n\r\n-AutoCAD 2019\r\n\r\n-Delphi 7\r\n\r\n-Lazarus\r\n\r\n-Mastercam X5\r\n\r\n-Proteus 8 Professional\r\n\r\n-Excel 2016\r\n\r\n-Word 2016\r\n\r\n-Access 2016\r\n\r\n-CodeBlocks\r\n\r\n-Visual Studio 2022\r\n\r\n-SolidWorks 2016\r\n\r\n-SolidWorks 2011\r\n\r\n-Electronics Workbench\r\n\r\n\r\n\r\n\r\n\r\n\r\n\r\n', 'Çalışıyor'),
(141, 2, 15, 'Tip 4', 'Microsoft Windows 10 Education', 'x64-based PC', 'Intel(R) Core(TM) i5-11400 CPU @ 2.60GHz,2592Mhz', '8.00 GB', 'Intel (R) UHD Graphics 730', '-Adobe Master Collection CC 2017\r\n\r\n-CorelDRAW X5\r\n\r\n-Acronis True Image 2018\r\n\r\n-AutoCAD 2007\r\n\r\n-AutoCAD 2019\r\n\r\n-Delphi 7\r\n\r\n-Lazarus\r\n\r\n-Mastercam X5\r\n\r\n-Proteus 8 Professional\r\n\r\n-Excel 2016\r\n\r\n-Word 2016\r\n\r\n-Access 2016\r\n\r\n-CodeBlocks\r\n\r\n-Visual Studio 2022\r\n\r\n-SolidWorks 2016\r\n\r\n-SolidWorks 2011\r\n\r\n-Electronics Workbench\r\n\r\n\r\n\r\n\r\n\r\n\r\n\r\n', 'Çalışıyor'),
(142, 2, 16, 'Tip 4', 'Microsoft Windows 10 Education', 'x64-based PC', 'Intel(R) Core(TM) i5-11400 CPU @ 2.60GHz,2592Mhz', '8.00 GB', 'Intel (R) UHD Graphics 730', '-Adobe Master Collection CC 2017\r\n\r\n-CorelDRAW X5\r\n\r\n-Acronis True Image 2018\r\n\r\n-AutoCAD 2007\r\n\r\n-AutoCAD 2019\r\n\r\n-Delphi 7\r\n\r\n-Lazarus\r\n\r\n-Mastercam X5\r\n\r\n-Proteus 8 Professional\r\n\r\n-Excel 2016\r\n\r\n-Word 2016\r\n\r\n-Access 2016\r\n\r\n-CodeBlocks\r\n\r\n-Visual Studio 2022\r\n\r\n-SolidWorks 2016\r\n\r\n-SolidWorks 2011\r\n\r\n-Electronics Workbench\r\n\r\n\r\n\r\n\r\n\r\n\r\n\r\n', 'Çalışıyor'),
(143, 2, 17, 'Tip 4', 'Microsoft Windows 10 Education', 'x64-based PC', 'Intel(R) Core(TM) i5-11400 CPU @ 2.60GHz,2592Mhz', '8.00 GB', 'Intel (R) UHD Graphics 730', '-Adobe Master Collection CC 2017\r\n\r\n-CorelDRAW X5\r\n\r\n-Acronis True Image 2018\r\n\r\n-AutoCAD 2007\r\n\r\n-AutoCAD 2019\r\n\r\n-Delphi 7\r\n\r\n-Lazarus\r\n\r\n-Mastercam X5\r\n\r\n-Proteus 8 Professional\r\n\r\n-Excel 2016\r\n\r\n-Word 2016\r\n\r\n-Access 2016\r\n\r\n-CodeBlocks\r\n\r\n-Visual Studio 2022\r\n\r\n-SolidWorks 2016\r\n\r\n-SolidWorks 2011\r\n\r\n-Electronics Workbench\r\n\r\n\r\n\r\n\r\n\r\n\r\n\r\n', 'Çalışıyor'),
(144, 2, 18, 'Tip 4', 'Microsoft Windows 10 Education', 'x64-based PC', 'Intel(R) Core(TM) i5-11400 CPU @ 2.60GHz,2592Mhz', '8.00 GB', 'Intel (R) UHD Graphics 730', '-Adobe Master Collection CC 2017\r\n\r\n-CorelDRAW X5\r\n\r\n-Acronis True Image 2018\r\n\r\n-AutoCAD 2007\r\n\r\n-AutoCAD 2019\r\n\r\n-Delphi 7\r\n\r\n-Lazarus\r\n\r\n-Mastercam X5\r\n\r\n-Proteus 8 Professional\r\n\r\n-Excel 2016\r\n\r\n-Word 2016\r\n\r\n-Access 2016\r\n\r\n-CodeBlocks\r\n\r\n-Visual Studio 2022\r\n\r\n-SolidWorks 2016\r\n\r\n-SolidWorks 2011\r\n\r\n-Electronics Workbench\r\n\r\n\r\n\r\n\r\n\r\n\r\n\r\n', 'Çalışıyor'),
(145, 2, 19, 'Tip 4', 'Microsoft Windows 10 Education', 'x64-based PC', 'Intel(R) Core(TM) i5-11400 CPU @ 2.60GHz,2592Mhz', '8.00 GB', 'Intel (R) UHD Graphics 730', '-Adobe Master Collection CC 2017\r\n\r\n-CorelDRAW X5\r\n\r\n-Acronis True Image 2018\r\n\r\n-AutoCAD 2007\r\n\r\n-AutoCAD 2019\r\n\r\n-Delphi 7\r\n\r\n-Lazarus\r\n\r\n-Mastercam X5\r\n\r\n-Proteus 8 Professional\r\n\r\n-Excel 2016\r\n\r\n-Word 2016\r\n\r\n-Access 2016\r\n\r\n-CodeBlocks\r\n\r\n-Visual Studio 2022\r\n\r\n-SolidWorks 2016\r\n\r\n-SolidWorks 2011\r\n\r\n-Electronics Workbench\r\n\r\n\r\n\r\n\r\n\r\n\r\n\r\n', 'Çalışıyor'),
(146, 2, 20, 'Tip 5', 'Microsoft Windows 10 Education', 'x64-based PC', 'Intel(R) Core(TM) i5-10400 CPU @ 2.90GHz,2904Mhz', '8.00 GB', 'Intel (R) UHD Graphics 630', '-Adobe Master Collection CC 2017\r\n\r\n-CorelDRAW X5\r\n\r\n-Acronis True Image 2018\r\n\r\n-AutoCAD 2007\r\n\r\n-AutoCAD 2019\r\n\r\n-Delphi 7\r\n\r\n-Lazarus\r\n\r\n-Mastercam X5\r\n\r\n-Proteus 8 Professional\r\n\r\n-Excel 2016\r\n\r\n-Word 2016\r\n\r\n-Access 2016\r\n\r\n-CodeBlocks\r\n\r\n-Visual Studio 2022\r\n\r\n-SolidWorks 2016\r\n\r\n-SolidWorks 2011\r\n\r\n-Electronics Workbench\r\n\r\n\r\n\r\n\r\n\r\n\r\n\r\n', 'Çalışıyor'),
(147, 2, 21, 'Tip 5', 'Microsoft Windows 10 Education', 'x64-based PC', 'Intel(R) Core(TM) i5-10400 CPU @ 2.90GHz,2904Mhz', '8.00 GB', 'Intel (R) UHD Graphics 630', '-Adobe Master Collection CC 2017\r\n\r\n-CorelDRAW X5\r\n\r\n-Acronis True Image 2018\r\n\r\n-AutoCAD 2007\r\n\r\n-AutoCAD 2019\r\n\r\n-Delphi 7\r\n\r\n-Lazarus\r\n\r\n-Mastercam X5\r\n\r\n-Proteus 8 Professional\r\n\r\n-Excel 2016\r\n\r\n-Word 2016\r\n\r\n-Access 2016\r\n\r\n-CodeBlocks\r\n\r\n-Visual Studio 2022\r\n\r\n-SolidWorks 2016\r\n\r\n-SolidWorks 2011\r\n\r\n-Electronics Workbench\r\n\r\n\r\n\r\n\r\n\r\n\r\n\r\n', 'Çalışıyor'),
(148, 2, 22, 'Tip 4', 'Microsoft Windows 10 Education', 'x64-based PC', 'Intel(R) Core(TM) i5-11400 CPU @ 2.60GHz,2592Mhz', '8.00 GB', 'Intel (R) UHD Graphics 730', '-Adobe Master Collection CC 2017\r\n\r\n-CorelDRAW X5\r\n\r\n-Acronis True Image 2018\r\n\r\n-AutoCAD 2007\r\n\r\n-AutoCAD 2019\r\n\r\n-Delphi 7\r\n\r\n-Lazarus\r\n\r\n-Mastercam X5\r\n\r\n-Proteus 8 Professional\r\n\r\n-Excel 2016\r\n\r\n-Word 2016\r\n\r\n-Access 2016\r\n\r\n-CodeBlocks\r\n\r\n-Visual Studio 2022\r\n\r\n-SolidWorks 2016\r\n\r\n-SolidWorks 2011\r\n\r\n-Electronics Workbench\r\n\r\n\r\n\r\n\r\n\r\n\r\n\r\n', 'Çalışıyor'),
(149, 2, 23, 'Tip 4', 'Microsoft Windows 10 Education', 'x64-based PC', 'Intel(R) Core(TM) i5-11400 CPU @ 2.60GHz,2592Mhz', '8.00 GB', 'Intel (R) UHD Graphics 730', '-Adobe Master Collection CC 2017\r\n\r\n-CorelDRAW X5\r\n\r\n-Acronis True Image 2018\r\n\r\n-AutoCAD 2007\r\n\r\n-AutoCAD 2019\r\n\r\n-Delphi 7\r\n\r\n-Lazarus\r\n\r\n-Mastercam X5\r\n\r\n-Proteus 8 Professional\r\n\r\n-Excel 2016\r\n\r\n-Word 2016\r\n\r\n-Access 2016\r\n\r\n-CodeBlocks\r\n\r\n-Visual Studio 2022\r\n\r\n-SolidWorks 2016\r\n\r\n-SolidWorks 2011\r\n\r\n-Electronics Workbench\r\n\r\n\r\n\r\n\r\n\r\n\r\n\r\n', 'Çalışıyor'),
(150, 2, 24, 'Tip 4', 'Microsoft Windows 10 Education', 'x64-based PC', 'Intel(R) Core(TM) i5-11400 CPU @ 2.60GHz,2592Mhz', '8.00 GB', 'Intel (R) UHD Graphics 730', '-Adobe Master Collection CC 2017\r\n\r\n-CorelDRAW X5\r\n\r\n-Acronis True Image 2018\r\n\r\n-AutoCAD 2007\r\n\r\n-AutoCAD 2019\r\n\r\n-Delphi 7\r\n\r\n-Lazarus\r\n\r\n-Mastercam X5\r\n\r\n-Proteus 8 Professional\r\n\r\n-Excel 2016\r\n\r\n-Word 2016\r\n\r\n-Access 2016\r\n\r\n-CodeBlocks\r\n\r\n-Visual Studio 2022\r\n\r\n-SolidWorks 2016\r\n\r\n-SolidWorks 2011\r\n\r\n-Electronics Workbench\r\n\r\n\r\n\r\n\r\n\r\n\r\n\r\n', 'Çalışıyor'),
(151, 2, 25, 'Tip 4', 'Microsoft Windows 10 Education', 'x64-based PC', 'Intel(R) Core(TM) i5-11400 CPU @ 2.60GHz,2592Mhz', '8.00 GB', 'Intel (R) UHD Graphics 730', '-Adobe Master Collection CC 2017\r\n\r\n-CorelDRAW X5\r\n\r\n-Acronis True Image 2018\r\n\r\n-AutoCAD 2007\r\n\r\n-AutoCAD 2019\r\n\r\n-Delphi 7\r\n\r\n-Lazarus\r\n\r\n-Mastercam X5\r\n\r\n-Proteus 8 Professional\r\n\r\n-Excel 2016\r\n\r\n-Word 2016\r\n\r\n-Access 2016\r\n\r\n-CodeBlocks\r\n\r\n-Visual Studio 2022\r\n\r\n-SolidWorks 2016\r\n\r\n-SolidWorks 2011\r\n\r\n-Electronics Workbench\r\n\r\n\r\n\r\n\r\n\r\n\r\n\r\n', 'Çalışıyor'),
(152, 2, 26, 'Tip 4', 'Microsoft Windows 10 Education', 'x64-based PC', 'Intel(R) Core(TM) i5-11400 CPU @ 2.60GHz,2592Mhz', '8.00 GB', 'Intel (R) UHD Graphics 730', '-Adobe Master Collection CC 2017\r\n\r\n-CorelDRAW X5\r\n\r\n-Acronis True Image 2018\r\n\r\n-AutoCAD 2007\r\n\r\n-AutoCAD 2019\r\n\r\n-Delphi 7\r\n\r\n-Lazarus\r\n\r\n-Mastercam X5\r\n\r\n-Proteus 8 Professional\r\n\r\n-Excel 2016\r\n\r\n-Word 2016\r\n\r\n-Access 2016\r\n\r\n-CodeBlocks\r\n\r\n-Visual Studio 2022\r\n\r\n-SolidWorks 2016\r\n\r\n-SolidWorks 2011\r\n\r\n-Electronics Workbench\r\n\r\n\r\n\r\n\r\n\r\n\r\n\r\n', 'Çalışıyor'),
(153, 2, 27, 'Tip 4', 'Microsoft Windows 10 Education', 'x64-based PC', 'Intel(R) Core(TM) i5-11400 CPU @ 2.60GHz,2592Mhz', '8.00 GB', 'Intel (R) UHD Graphics 730', '-Adobe Master Collection CC 2017\r\n\r\n-CorelDRAW X5\r\n\r\n-Acronis True Image 2018\r\n\r\n-AutoCAD 2007\r\n\r\n-AutoCAD 2019\r\n\r\n-Delphi 7\r\n\r\n-Lazarus\r\n\r\n-Mastercam X5\r\n\r\n-Proteus 8 Professional\r\n\r\n-Excel 2016\r\n\r\n-Word 2016\r\n\r\n-Access 2016\r\n\r\n-CodeBlocks\r\n\r\n-Visual Studio 2022\r\n\r\n-SolidWorks 2016\r\n\r\n-SolidWorks 2011\r\n\r\n-Electronics Workbench\r\n\r\n\r\n\r\n\r\n\r\n\r\n\r\n', 'Çalışıyor'),
(154, 2, 28, 'Tip 5', 'Microsoft Windows 10 Education', 'x64-based PC', 'Intel(R) Core(TM) i5-10400 CPU @ 2.90GHz,2904Mhz', '8.00 GB', 'Intel (R) UHD Graphics 630', '-Adobe Master Collection CC 2017\r\n\r\n-CorelDRAW X5\r\n\r\n-Acronis True Image 2018\r\n\r\n-AutoCAD 2007\r\n\r\n-AutoCAD 2019\r\n\r\n-Delphi 7\r\n\r\n-Lazarus\r\n\r\n-Mastercam X5\r\n\r\n-Proteus 8 Professional\r\n\r\n-Excel 2016\r\n\r\n-Word 2016\r\n\r\n-Access 2016\r\n\r\n-CodeBlocks\r\n\r\n-Visual Studio 2022\r\n\r\n-SolidWorks 2016\r\n\r\n-SolidWorks 2011\r\n\r\n-Electronics Workbench\r\n\r\n\r\n\r\n\r\n\r\n\r\n\r\n', 'Çalışıyor'),
(155, 2, 29, 'Tip 5', 'Microsoft Windows 10 Education', 'x64-based PC', 'Intel(R) Core(TM) i5-10400 CPU @ 2.90GHz,2904Mhz', '8.00 GB', 'Intel (R) UHD Graphics 630', '-Adobe Master Collection CC 2017\r\n\r\n-CorelDRAW X5\r\n\r\n-Acronis True Image 2018\r\n\r\n-AutoCAD 2007\r\n\r\n-AutoCAD 2019\r\n\r\n-Delphi 7\r\n\r\n-Lazarus\r\n\r\n-Mastercam X5\r\n\r\n-Proteus 8 Professional\r\n\r\n-Excel 2016\r\n\r\n-Word 2016\r\n\r\n-Access 2016\r\n\r\n-CodeBlocks\r\n\r\n-Visual Studio 2022\r\n\r\n-SolidWorks 2016\r\n\r\n-SolidWorks 2011\r\n\r\n-Electronics Workbench\r\n\r\n\r\n\r\n\r\n\r\n\r\n\r\n', 'Çalışıyor'),
(156, 2, 30, 'Tip 4', 'Microsoft Windows 10 Education', 'x64-based PC', 'Intel(R) Core(TM) i5-11400 CPU @ 2.60GHz,2592Mhz', '8.00 GB', 'Intel (R) UHD Graphics 730', '-Adobe Master Collection CC 2017\r\n\r\n-CorelDRAW X5\r\n\r\n-Acronis True Image 2018\r\n\r\n-AutoCAD 2007\r\n\r\n-AutoCAD 2019\r\n\r\n-Delphi 7\r\n\r\n-Lazarus\r\n\r\n-Mastercam X5\r\n\r\n-Proteus 8 Professional\r\n\r\n-Excel 2016\r\n\r\n-Word 2016\r\n\r\n-Access 2016\r\n\r\n-CodeBlocks\r\n\r\n-Visual Studio 2022\r\n\r\n-SolidWorks 2016\r\n\r\n-SolidWorks 2011\r\n\r\n-Electronics Workbench\r\n\r\n\r\n\r\n\r\n\r\n\r\n\r\n', 'Çalışıyor'),
(157, 2, 31, 'Tip 4', 'Microsoft Windows 10 Education', 'x64-based PC', 'Intel(R) Core(TM) i5-11400 CPU @ 2.60GHz,2592Mhz', '8.00 GB', 'Intel (R) UHD Graphics 730', '-Adobe Master Collection CC 2017\r\n\r\n-CorelDRAW X5\r\n\r\n-Acronis True Image 2018\r\n\r\n-AutoCAD 2007\r\n\r\n-AutoCAD 2019\r\n\r\n-Delphi 7\r\n\r\n-Lazarus\r\n\r\n-Mastercam X5\r\n\r\n-Proteus 8 Professional\r\n\r\n-Excel 2016\r\n\r\n-Word 2016\r\n\r\n-Access 2016\r\n\r\n-CodeBlocks\r\n\r\n-Visual Studio 2022\r\n\r\n-SolidWorks 2016\r\n\r\n-SolidWorks 2011\r\n\r\n-Electronics Workbench\r\n\r\n\r\n\r\n\r\n\r\n\r\n\r\n', 'Çalışıyor'),
(158, 2, 32, 'Tip 4', 'Microsoft Windows 10 Education', 'x64-based PC', 'Intel(R) Core(TM) i5-11400 CPU @ 2.60GHz,2592Mhz', '8.00 GB', 'Intel (R) UHD Graphics 730', '-Adobe Master Collection CC 2017\r\n\r\n-CorelDRAW X5\r\n\r\n-Acronis True Image 2018\r\n\r\n-AutoCAD 2007\r\n\r\n-AutoCAD 2019\r\n\r\n-Delphi 7\r\n\r\n-Lazarus\r\n\r\n-Mastercam X5\r\n\r\n-Proteus 8 Professional\r\n\r\n-Excel 2016\r\n\r\n-Word 2016\r\n\r\n-Access 2016\r\n\r\n-CodeBlocks\r\n\r\n-Visual Studio 2022\r\n\r\n-SolidWorks 2016\r\n\r\n-SolidWorks 2011\r\n\r\n-Electronics Workbench\r\n\r\n\r\n\r\n\r\n\r\n\r\n\r\n', 'Çalışıyor'),
(159, 2, 33, 'Tip 4', 'Microsoft Windows 10 Education', 'x64-based PC', 'Intel(R) Core(TM) i5-11400 CPU @ 2.60GHz,2592Mhz', '8.00 GB', 'Intel (R) UHD Graphics 730', '-Adobe Master Collection CC 2017\r\n\r\n-CorelDRAW X5\r\n\r\n-Acronis True Image 2018\r\n\r\n-AutoCAD 2007\r\n\r\n-AutoCAD 2019\r\n\r\n-Delphi 7\r\n\r\n-Lazarus\r\n\r\n-Mastercam X5\r\n\r\n-Proteus 8 Professional\r\n\r\n-Excel 2016\r\n\r\n-Word 2016\r\n\r\n-Access 2016\r\n\r\n-CodeBlocks\r\n\r\n-Visual Studio 2022\r\n\r\n-SolidWorks 2016\r\n\r\n-SolidWorks 2011\r\n\r\n-Electronics Workbench\r\n\r\n\r\n\r\n\r\n\r\n\r\n\r\n', 'Çalışıyor'),
(160, 2, 34, 'Tip 4', 'Microsoft Windows 10 Education', 'x64-based PC', 'Intel(R) Core(TM) i5-11400 CPU @ 2.60GHz,2592Mhz', '8.00 GB', 'Intel (R) UHD Graphics 730', '-Adobe Master Collection CC 2017\r\n\r\n-CorelDRAW X5\r\n\r\n-Acronis True Image 2018\r\n\r\n-AutoCAD 2007\r\n\r\n-AutoCAD 2019\r\n\r\n-Delphi 7\r\n\r\n-Lazarus\r\n\r\n-Mastercam X5\r\n\r\n-Proteus 8 Professional\r\n\r\n-Excel 2016\r\n\r\n-Word 2016\r\n\r\n-Access 2016\r\n\r\n-CodeBlocks\r\n\r\n-Visual Studio 2022\r\n\r\n-SolidWorks 2016\r\n\r\n-SolidWorks 2011\r\n\r\n-Electronics Workbench\r\n\r\n\r\n\r\n\r\n\r\n\r\n\r\n', 'Çalışıyor'),
(161, 2, 35, 'Tip 4', 'Microsoft Windows 10 Education', 'x64-based PC', 'Intel(R) Core(TM) i5-11400 CPU @ 2.60GHz,2592Mhz', '8.00 GB', 'Intel (R) UHD Graphics 730', '-Adobe Master Collection CC 2017\r\n\r\n-CorelDRAW X5\r\n\r\n-Acronis True Image 2018\r\n\r\n-AutoCAD 2007\r\n\r\n-AutoCAD 2019\r\n\r\n-Delphi 7\r\n\r\n-Lazarus\r\n\r\n-Mastercam X5\r\n\r\n-Proteus 8 Professional\r\n\r\n-Excel 2016\r\n\r\n-Word 2016\r\n\r\n-Access 2016\r\n\r\n-CodeBlocks\r\n\r\n-Visual Studio 2022\r\n\r\n-SolidWorks 2016\r\n\r\n-SolidWorks 2011\r\n\r\n-Electronics Workbench\r\n\r\n\r\n\r\n\r\n\r\n\r\n\r\n', 'Çalışıyor'),
(162, 2, 36, 'Tip 5', 'Microsoft Windows 10 Education', 'x64-based PC', 'Intel(R) Core(TM) i5-10400 CPU @ 2.90GHz,2904Mhz', '8.00 GB', 'Intel (R) UHD Graphics 630', '-Adobe Master Collection CC 2017\r\n\r\n-CorelDRAW X5\r\n\r\n-Acronis True Image 2018\r\n\r\n-AutoCAD 2007\r\n\r\n-AutoCAD 2019\r\n\r\n-Delphi 7\r\n\r\n-Lazarus\r\n\r\n-Mastercam X5\r\n\r\n-Proteus 8 Professional\r\n\r\n-Excel 2016\r\n\r\n-Word 2016\r\n\r\n-Access 2016\r\n\r\n-CodeBlocks\r\n\r\n-Visual Studio 2022\r\n\r\n-SolidWorks 2016\r\n\r\n-SolidWorks 2011\r\n\r\n-Electronics Workbench\r\n\r\n\r\n\r\n\r\n\r\n\r\n\r\n', 'Çalışıyor');

-- --------------------------------------------------------

--
-- Tablo için tablo yapısı `kullanici`
--

CREATE TABLE `kullanici` (
  `user_id` int(11) NOT NULL,
  `username` varchar(50) NOT NULL,
  `password` varchar(50) NOT NULL
) ENGINE=InnoDB DEFAULT CHARSET=utf8mb4 COLLATE=utf8mb4_general_ci;

--
-- Tablo döküm verisi `kullanici`
--

INSERT INTO `kullanici` (`user_id`, `username`, `password`) VALUES
(1, 'Admin', 'egemyo98765');

-- --------------------------------------------------------

--
-- Tablo için tablo yapısı `labs`
--

CREATE TABLE `labs` (
  `lab_id` int(11) NOT NULL,
  `lab_name` varchar(50) NOT NULL
) ENGINE=InnoDB DEFAULT CHARSET=utf8mb4 COLLATE=utf8mb4_general_ci;

--
-- Tablo döküm verisi `labs`
--

INSERT INTO `labs` (`lab_id`, `lab_name`) VALUES
(1, 'LAB-1'),
(2, 'LAB-2'),
(3, 'LAB-3'),
(4, 'LAB-4'),
(5, 'LAB-5'),
(6, 'LAB-6');

-- --------------------------------------------------------

--
-- Tablo için tablo yapısı `tip_tbl`
--

CREATE TABLE `tip_tbl` (
  `tip_no` varchar(50) NOT NULL,
  `isletim_sistemi` text NOT NULL,
  `ekran_kartı` text NOT NULL,
  `RAM` varchar(50) NOT NULL,
  `sistem_türü` varchar(50) NOT NULL,
  `islemci` text NOT NULL
) ENGINE=InnoDB DEFAULT CHARSET=utf8mb4 COLLATE=utf8mb4_general_ci;

--
-- Tablo döküm verisi `tip_tbl`
--

INSERT INTO `tip_tbl` (`tip_no`, `isletim_sistemi`, `ekran_kartı`, `RAM`, `sistem_türü`, `islemci`) VALUES
('Tip 1', 'Microsoft Windows 7 Professional', 'AMD Radeon R7 200 Series', '4.00 GB', 'x86 based PC ,32 bit', 'Intel Core i3-4160 CPU@3.60GHz,3600 MHz'),
('Tip 2', 'Microsoft Windows 10 Education', 'Intel(R) HD Graphics 620', '8.00 GB', 'x64 based PC ,64 bit', 'Intel(R) Core(TM) i5-7200 CPU@ 2.50 GHz,2701 MHz'),
('Tip 3', 'Microsoft Windows 10 Pro', 'Intel(R) HD Graphics 630', '8.00 GB', 'x64 based PC ,64 bit', 'Intel(R) Core(TM) i5-7400 CPU@ 3.00 GHz,3000 MHz'),
('Tip 4', 'Microsoft Windows 10 Education', 'Intel(R) HD Graphics 730', '8.00 GB', 'x64 based PC ,64 bit', 'Intel(R) Core(TM) i5-11400 CPU@ 2.60 GHz,2592 MHz'),
('Tip 5', 'Microsoft Windows 10 Education', 'Intel(R) HD Graphics 630', '8.00 GB', 'x64 based PC ', 'Intel(R) Core(TM) i5-10400 CPU@ 2.90 GHz,2904 MHz'),
('Tip 6', 'Microsoft Windows 10 Education', 'Intel(R) HD Graphics 630', '8.00 GB', 'x64 based PC', 'Intel(R) Core(TM) i5-7400 CPU@ 3.00 GHz,2592 MHz'),
('Tip 7', 'Microsoft Windows 10 Education', 'Intel (R) UHD Graphics 630', '16.00 GB', 'x64 based PC', 'Intel(R) Core(TM) i5-10500 CPU @ 2.90GHz,2904Mhz'),
('Tip 8', 'Microsoft Windows 10 Education', 'AMD Radeon(TM) Graphics', '8.00 GB', 'x64 based PC', 'AMD Ryzen 5 4600G');

--
-- Dökümü yapılmış tablolar için indeksler
--

--
-- Tablo için indeksler `arızalı_bilgisayar`
--
ALTER TABLE `arızalı_bilgisayar`
  ADD PRIMARY KEY (`arızalı_bil_id`),
  ADD KEY `fk_bilg_id` (`bilg_id`);

--
-- Tablo için indeksler `bilgisayarlar`
--
ALTER TABLE `bilgisayarlar`
  ADD PRIMARY KEY (`bilg_id`),
  ADD KEY `fk_lab_id` (`lab_id`),
  ADD KEY `fk_tip_no` (`tip`);

--
-- Tablo için indeksler `kullanici`
--
ALTER TABLE `kullanici`
  ADD PRIMARY KEY (`user_id`);

--
-- Tablo için indeksler `labs`
--
ALTER TABLE `labs`
  ADD PRIMARY KEY (`lab_id`);

--
-- Tablo için indeksler `tip_tbl`
--
ALTER TABLE `tip_tbl`
  ADD PRIMARY KEY (`tip_no`);

--
-- Dökümü yapılmış tablolar için AUTO_INCREMENT değeri
--

--
-- Tablo için AUTO_INCREMENT değeri `bilgisayarlar`
--
ALTER TABLE `bilgisayarlar`
  MODIFY `bilg_id` int(11) NOT NULL AUTO_INCREMENT, AUTO_INCREMENT=163;

--
-- Tablo için AUTO_INCREMENT değeri `kullanici`
--
ALTER TABLE `kullanici`
  MODIFY `user_id` int(11) NOT NULL AUTO_INCREMENT, AUTO_INCREMENT=2;

--
-- Dökümü yapılmış tablolar için kısıtlamalar
--

--
-- Tablo kısıtlamaları `arızalı_bilgisayar`
--
ALTER TABLE `arızalı_bilgisayar`
  ADD CONSTRAINT `fk_bilg_id` FOREIGN KEY (`bilg_id`) REFERENCES `bilgisayarlar` (`bilg_id`);

--
-- Tablo kısıtlamaları `bilgisayarlar`
--
ALTER TABLE `bilgisayarlar`
  ADD CONSTRAINT `fk_lab_id` FOREIGN KEY (`lab_id`) REFERENCES `labs` (`lab_id`),
  ADD CONSTRAINT `fk_tip_no` FOREIGN KEY (`tip`) REFERENCES `tip_tbl` (`tip_no`);
COMMIT;

/*!40101 SET CHARACTER_SET_CLIENT=@OLD_CHARACTER_SET_CLIENT */;
/*!40101 SET CHARACTER_SET_RESULTS=@OLD_CHARACTER_SET_RESULTS */;
/*!40101 SET COLLATION_CONNECTION=@OLD_COLLATION_CONNECTION */;
